Frame,Time_Sec,Lat,Lng,Label
1,0,29.761,115.975,01_0001.JPG
2,3,29.7602,115.975,01_0002.JPG
3,7,29.7595,115.975,01_0003.JPG
4,10,29.7588,115.975,01_0004.JPG
5,14,29.7581,115.975,01_0005.JPG
6,17,29.7574,115.975,01_0006.JPG
7,21,29.7567,115.975,01_0007.JPG
8,24,29.756,115.975,01_0008.JPG
9,28,29.7553,115.975,01_0009.JPG
10,31,29.7545,115.975,01_0010.JPG
11,34,29.7538,115.975,01_0011.JPG
12,38,29.7531,115.975,01_0012.JPG
13,41,29.7524,115.975,01_0013.JPG
14,44,29.7517,115.975,01_0014.JPG
15,48,29.751,115.975,01_0015.JPG
16,51,29.7503,115.975,01_0016.JPG
17,55,29.7496,115.975,01_0017.JPG
18,58,29.7488,115.975,01_0018.JPG
19,62,29.7481,115.975,01_0019.JPG
20,65,29.7474,115.975,01_0020.JPG
21,69,29.7467,115.975,01_0021.JPG
22,72,29.746,115.975,01_0022.JPG
23,75,29.7453,115.975,01_0023.JPG
24,78,29.7446,115.975,01_0024.JPG
25,82,29.7439,115.975,01_0025.JPG
26,85,29.7431,115.975,01_0026.JPG
27,89,29.7424,115.975,01_0027.JPG
28,92,29.7417,115.975,01_0028.JPG
29,96,29.741,115.975,01_0029.JPG
30,99,29.7403,115.975,01_0030.JPG
31,102,29.7396,115.975,01_0031.JPG
32,106,29.7389,115.975,01_0032.JPG
33,110,29.7382,115.975,01_0033.JPG
34,113,29.7374,115.975,01_0034.JPG
35,116,29.7367,115.975,01_0035.JPG
36,119,29.736,115.975,01_0036.JPG
37,123,29.7353,115.975,01_0037.JPG
38,126,29.7346,115.975,01_0038.JPG
39,129,29.7339,115.975,01_0039.JPG
40,133,29.7332,115.975,01_0040.JPG
41,136,29.7324,115.975,01_0041.JPG
42,139,29.7317,115.975,01_0042.JPG
43,143,29.731,115.975,01_0043.JPG
44,146,29.7303,115.975,01_0044.JPG
45,150,29.7296,115.975,01_0045.JPG
46,153,29.7289,115.975,01_0046.JPG
47,157,29.7282,115.975,01_0047.JPG
48,160,29.7275,115.975,01_0048.JPG
49,164,29.7267,115.975,01_0049.JPG
50,167,29.726,115.975,01_0050.JPG
51,170,29.7253,115.975,01_0051.JPG
52,174,29.7246,115.975,01_0052.JPG
53,177,29.7239,115.975,01_0053.JPG
54,180,29.7232,115.975,01_0054.JPG
55,184,29.7225,115.975,01_0055.JPG
56,187,29.7218,115.975,01_0056.JPG
57,190,29.721,115.975,01_0057.JPG
58,193,29.7203,115.975,01_0058.JPG
59,196,29.7196,115.975,01_0059.JPG
60,200,29.7189,115.975,01_0060.JPG
61,203,29.7182,115.975,01_0061.JPG
62,206,29.7175,115.975,01_0062.JPG
63,210,29.7168,115.975,01_0063.JPG
64,213,29.7161,115.975,01_0064.JPG
65,216,29.7153,115.975,01_0065.JPG
66,220,29.7146,115.975,01_0066.JPG
67,223,29.7139,115.975,01_0067.JPG
68,226,29.7132,115.975,01_0068.JPG
69,230,29.7125,115.975,01_0069.JPG
70,233,29.7118,115.975,01_0070.JPG
71,237,29.7111,115.975,01_0071.JPG
72,240,29.7104,115.975,01_0072.JPG
73,243,29.7096,115.975,01_0073.JPG
74,247,29.7089,115.975,01_0074.JPG
75,250,29.7082,115.975,01_0075.JPG
76,253,29.7075,115.975,01_0076.JPG
77,257,29.7068,115.975,01_0077.JPG
78,260,29.7061,115.975,01_0078.JPG
79,263,29.7054,115.975,01_0079.JPG
80,311,29.7057,115.977,01_0080.JPG
81,316,29.7064,115.977,01_0081.JPG
82,321,29.7071,115.977,01_0082.JPG
83,326,29.7078,115.977,01_0083.JPG
84,332,29.7086,115.977,01_0084.JPG
85,337,29.7093,115.977,01_0085.JPG
86,342,29.71,115.977,01_0086.JPG
87,346,29.7107,115.977,01_0087.JPG
88,351,29.7114,115.977,01_0088.JPG
89,356,29.7121,115.977,01_0089.JPG
90,361,29.7128,115.977,01_0090.JPG
91,366,29.7135,115.977,01_0091.JPG
92,371,29.7142,115.977,01_0092.JPG
93,376,29.715,115.977,01_0093.JPG
94,381,29.7157,115.977,01_0094.JPG
95,386,29.7164,115.977,01_0095.JPG
96,391,29.7171,115.977,01_0096.JPG
97,396,29.7178,115.977,01_0097.JPG
98,402,29.7185,115.977,01_0098.JPG
99,407,29.7192,115.977,01_0099.JPG
100,412,29.72,115.977,01_0100.JPG
101,417,29.7207,115.977,01_0101.JPG
102,423,29.7214,115.977,01_0102.JPG
103,427,29.7221,115.977,01_0103.JPG
104,432,29.7228,115.977,01_0104.JPG
105,437,29.7235,115.977,01_0105.JPG
106,442,29.7242,115.977,01_0106.JPG
107,447,29.7249,115.977,01_0107.JPG
108,452,29.7257,115.977,01_0108.JPG
109,457,29.7264,115.977,01_0109.JPG
110,463,29.7271,115.977,01_0110.JPG
111,468,29.7278,115.977,01_0111.JPG
112,473,29.7285,115.977,01_0112.JPG
113,478,29.7292,115.977,01_0113.JPG
114,484,29.7299,115.977,01_0114.JPG
115,489,29.7306,115.977,01_0115.JPG
116,494,29.7314,115.977,01_0116.JPG
117,499,29.7321,115.977,01_0117.JPG
118,504,29.7328,115.977,01_0118.JPG
119,509,29.7335,115.977,01_0119.JPG
120,513,29.7342,115.977,01_0120.JPG
121,518,29.7349,115.977,01_0121.JPG
122,523,29.7356,115.977,01_0122.JPG
123,529,29.7363,115.977,01_0123.JPG
124,534,29.7371,115.977,01_0124.JPG
125,539,29.7378,115.977,01_0125.JPG
126,544,29.7385,115.977,01_0126.JPG
127,549,29.7392,115.977,01_0127.JPG
128,554,29.7399,115.977,01_0128.JPG
129,560,29.7406,115.977,01_0129.JPG
130,565,29.7413,115.977,01_0130.JPG
131,570,29.742,115.977,01_0131.JPG
132,575,29.7428,115.977,01_0132.JPG
133,581,29.7435,115.977,01_0133.JPG
134,586,29.7442,115.977,01_0134.JPG
135,592,29.7449,115.977,01_0135.JPG
136,597,29.7456,115.977,01_0136.JPG
137,602,29.7463,115.977,01_0137.JPG
138,608,29.747,115.977,01_0138.JPG
139,613,29.7477,115.977,01_0139.JPG
140,618,29.7485,115.977,01_0140.JPG
141,623,29.7492,115.977,01_0141.JPG
142,628,29.7499,115.977,01_0142.JPG
143,633,29.7506,115.977,01_0143.JPG
144,638,29.7513,115.977,01_0144.JPG
145,642,29.752,115.977,01_0145.JPG
146,647,29.7527,115.977,01_0146.JPG
147,652,29.7535,115.977,01_0147.JPG
148,657,29.7542,115.977,01_0148.JPG
149,662,29.7549,115.977,01_0149.JPG
150,668,29.7556,115.977,01_0150.JPG
151,673,29.7563,115.977,01_0151.JPG
152,678,29.757,115.977,01_0152.JPG
153,683,29.7577,115.977,01_0153.JPG
154,689,29.7584,115.977,01_0154.JPG
155,695,29.7592,115.977,01_0155.JPG
156,700,29.7599,115.977,01_0156.JPG
157,706,29.7606,115.977,01_0157.JPG
158,711,29.7613,115.977,01_0158.JPG
159,716,29.762,115.977,01_0159.JPG
160,721,29.7627,115.977,01_0160.JPG
161,725,29.7632,115.977,01_0161.JPG
162,772,29.7622,115.979,01_0162.JPG
163,775,29.7615,115.979,01_0163.JPG
164,778,29.7608,115.979,01_0164.JPG
165,782,29.7601,115.979,01_0165.JPG
166,785,29.7593,115.979,01_0166.JPG
167,789,29.7586,115.979,01_0167.JPG
168,792,29.7579,115.979,01_0168.JPG
169,796,29.7572,115.979,01_0169.JPG
170,799,29.7565,115.979,01_0170.JPG
171,803,29.7558,115.979,01_0171.JPG
172,807,29.7551,115.979,01_0172.JPG
173,810,29.7544,115.979,01_0173.JPG
174,814,29.7536,115.979,01_0174.JPG
175,817,29.7529,115.979,01_0175.JPG
176,821,29.7522,115.979,01_0176.JPG
177,824,29.7515,115.979,01_0177.JPG
178,828,29.7508,115.979,01_0178.JPG
179,831,29.7501,115.979,01_0179.JPG
180,835,29.7494,115.979,01_0180.JPG
181,838,29.7486,115.979,01_0181.JPG
182,842,29.7479,115.979,01_0182.JPG
183,846,29.7472,115.979,01_0183.JPG
184,849,29.7465,115.979,01_0184.JPG
185,853,29.7458,115.979,01_0185.JPG
186,856,29.7451,115.979,01_0186.JPG
187,859,29.7444,115.979,01_0187.JPG
188,863,29.7437,115.979,01_0188.JPG
189,866,29.7429,115.979,01_0189.JPG
190,870,29.7422,115.979,01_0190.JPG
191,873,29.7415,115.979,01_0191.JPG
192,877,29.7408,115.979,01_0192.JPG
193,880,29.7401,115.979,01_0193.JPG
194,883,29.7394,115.979,01_0194.JPG
195,887,29.7387,115.979,01_0195.JPG
196,890,29.738,115.979,01_0196.JPG
197,894,29.7372,115.979,01_0197.JPG
198,897,29.7365,115.979,01_0198.JPG
199,901,29.7358,115.979,01_0199.JPG
200,904,29.7351,115.979,01_0200.JPG
201,908,29.7344,115.979,01_0201.JPG
202,911,29.7337,115.979,01_0202.JPG
203,915,29.733,115.979,01_0203.JPG
204,918,29.7323,115.979,01_0204.JPG
205,922,29.7315,115.979,01_0205.JPG
206,925,29.7308,115.979,01_0206.JPG
207,929,29.7301,115.979,01_0207.JPG
208,932,29.7294,115.979,01_0208.JPG
209,936,29.7287,115.979,01_0209.JPG
210,939,29.728,115.979,01_0210.JPG
211,943,29.7273,115.979,01_0211.JPG
212,947,29.7266,115.979,01_0212.JPG
213,950,29.7258,115.979,01_0213.JPG
214,954,29.7251,115.979,01_0214.JPG
215,957,29.7244,115.979,01_0215.JPG
216,961,29.7237,115.979,01_0216.JPG
217,964,29.723,115.979,01_0217.JPG
218,968,29.7223,115.979,01_0218.JPG
219,971,29.7216,115.979,01_0219.JPG
220,975,29.7209,115.979,01_0220.JPG
221,979,29.7201,115.979,01_0221.JPG
222,982,29.7194,115.979,01_0222.JPG
223,986,29.7187,115.979,01_0223.JPG
224,989,29.718,115.979,01_0224.JPG
225,992,29.7173,115.979,01_0225.JPG
226,996,29.7166,115.979,01_0226.JPG
227,1000,29.7159,115.979,01_0227.JPG
228,1003,29.7152,115.979,01_0228.JPG
229,1007,29.7144,115.979,01_0229.JPG
230,1010,29.7137,115.979,01_0230.JPG
231,1014,29.713,115.979,01_0231.JPG
232,1017,29.7123,115.979,01_0232.JPG
233,1021,29.7116,115.979,01_0233.JPG
234,1024,29.7109,115.979,01_0234.JPG
235,1028,29.7102,115.979,01_0235.JPG
236,1031,29.7095,115.979,01_0236.JPG
237,1035,29.7087,115.979,01_0237.JPG
238,1039,29.708,115.979,01_0238.JPG
239,1042,29.7073,115.979,01_0239.JPG
240,1046,29.7066,115.979,01_0240.JPG
241,1094,29.707,115.981,01_0241.JPG
242,1099,29.7077,115.981,01_0242.JPG
243,1104,29.7084,115.981,01_0243.JPG
244,1109,29.7091,115.981,01_0244.JPG
245,1114,29.7098,115.981,01_0245.JPG
246,1120,29.7105,115.981,01_0246.JPG
247,1125,29.7112,115.981,01_0247.JPG
248,1130,29.712,115.981,01_0248.JPG
249,1135,29.7127,115.981,01_0249.JPG
250,1140,29.7134,115.981,01_0250.JPG
251,1145,29.7141,115.981,01_0251.JPG
252,1150,29.7148,115.981,01_0252.JPG
253,1155,29.7155,115.981,01_0253.JPG
254,1160,29.7162,115.981,01_0254.JPG
255,1165,29.7169,115.981,01_0255.JPG
256,1170,29.7177,115.981,01_0256.JPG
257,1175,29.7184,115.981,01_0257.JPG
258,1180,29.7191,115.981,01_0258.JPG
259,1185,29.7198,115.981,01_0259.JPG
260,1190,29.7205,115.981,01_0260.JPG
261,1195,29.7212,115.981,01_0261.JPG
262,1200,29.7219,115.981,01_0262.JPG
263,1205,29.7226,115.981,01_0263.JPG
264,1210,29.7234,115.981,01_0264.JPG
265,1215,29.7241,115.981,01_0265.JPG
266,1221,29.7248,115.981,01_0266.JPG
267,1226,29.7255,115.981,01_0267.JPG
268,1231,29.7262,115.981,01_0268.JPG
269,1237,29.7269,115.981,01_0269.JPG
270,1242,29.7276,115.981,01_0270.JPG
271,1247,29.7283,115.981,01_0271.JPG
272,1252,29.7291,115.981,01_0272.JPG
273,1258,29.7298,115.981,01_0273.JPG
274,1263,29.7305,115.981,01_0274.JPG
275,1268,29.7312,115.981,01_0275.JPG
276,1273,29.7319,115.981,01_0276.JPG
277,1278,29.7326,115.981,01_0277.JPG
278,1283,29.7333,115.981,01_0278.JPG
279,1288,29.7341,115.981,01_0279.JPG
280,1293,29.7348,115.981,01_0280.JPG
281,1298,29.7355,115.981,01_0281.JPG
282,1303,29.7362,115.981,01_0282.JPG
283,1307,29.7369,115.981,01_0283.JPG
284,1312,29.7376,115.981,01_0284.JPG
285,1317,29.7383,115.981,01_0285.JPG
286,1322,29.739,115.981,01_0286.JPG
287,1327,29.7398,115.981,01_0287.JPG
288,1332,29.7405,115.981,01_0288.JPG
289,1337,29.7412,115.981,01_0289.JPG
290,1342,29.7419,115.981,01_0290.JPG
291,1347,29.7426,115.981,01_0291.JPG
292,1353,29.7433,115.981,01_0292.JPG
293,1358,29.744,115.981,01_0293.JPG
294,1364,29.7447,115.981,01_0294.JPG
295,1369,29.7455,115.981,01_0295.JPG
296,1373,29.7462,115.981,01_0296.JPG
297,1378,29.7469,115.981,01_0297.JPG
298,1383,29.7476,115.981,01_0298.JPG
299,1388,29.7483,115.981,01_0299.JPG
300,1392,29.749,115.981,01_0300.JPG
301,1398,29.7497,115.981,01_0301.JPG
302,1403,29.7504,115.981,01_0302.JPG
303,1408,29.7512,115.981,01_0303.JPG
304,1412,29.7519,115.981,01_0304.JPG
305,1417,29.7526,115.981,01_0305.JPG
306,1423,29.7533,115.981,01_0306.JPG
307,1428,29.754,115.981,01_0307.JPG
308,1433,29.7547,115.981,01_0308.JPG
309,1438,29.7554,115.981,01_0309.JPG
310,1443,29.7561,115.981,01_0310.JPG
311,1447,29.7569,115.981,01_0311.JPG
312,1452,29.7576,115.981,01_0312.JPG
313,1457,29.7583,115.981,01_0313.JPG
314,1462,29.759,115.981,01_0314.JPG
315,1467,29.7597,115.981,01_0315.JPG
316,1472,29.7604,115.981,01_0316.JPG
317,1477,29.7611,115.981,01_0317.JPG
318,1482,29.7618,115.981,01_0318.JPG
319,1486,29.7626,115.981,01_0319.JPG
320,1491,29.7633,115.981,01_0320.JPG
321,1496,29.764,115.981,01_0321.JPG
322,1501,29.7647,115.981,01_0322.JPG
323,1552,29.7644,115.983,01_0323.JPG
324,1555,29.7637,115.983,01_0324.JPG
325,1559,29.763,115.983,01_0325.JPG
326,1562,29.7622,115.983,01_0326.JPG
327,1566,29.7615,115.983,01_0327.JPG
328,1569,29.7608,115.983,01_0328.JPG
329,1573,29.7601,115.983,01_0329.JPG
330,1577,29.7594,115.983,01_0330.JPG
331,1580,29.7587,115.983,01_0331.JPG
332,1584,29.758,115.983,01_0332.JPG
333,1588,29.7573,115.983,01_0333.JPG
334,1591,29.7566,115.983,01_0334.JPG
335,1595,29.7558,115.983,01_0335.JPG
336,1598,29.7551,115.983,01_0336.JPG
337,1602,29.7544,115.983,01_0337.JPG
338,1605,29.7537,115.983,01_0338.JPG
339,1609,29.753,115.983,01_0339.JPG
340,1613,29.7523,115.983,01_0340.JPG
341,1617,29.7516,115.983,01_0341.JPG
342,1620,29.7508,115.983,01_0342.JPG
343,1624,29.7501,115.983,01_0343.JPG
344,1627,29.7494,115.983,01_0344.JPG
345,1630,29.7487,115.983,01_0345.JPG
346,1633,29.748,115.983,01_0346.JPG
347,1637,29.7473,115.983,01_0347.JPG
348,1640,29.7466,115.983,01_0348.JPG
349,1644,29.7459,115.983,01_0349.JPG
350,1647,29.7451,115.983,01_0350.JPG
351,1651,29.7444,115.983,01_0351.JPG
352,1654,29.7437,115.983,01_0352.JPG
353,1658,29.743,115.983,01_0353.JPG
354,1661,29.7423,115.983,01_0354.JPG
355,1664,29.7416,115.983,01_0355.JPG
356,1668,29.7409,115.983,01_0356.JPG
357,1671,29.7402,115.983,01_0357.JPG
358,1674,29.7394,115.983,01_0358.JPG
359,1678,29.7387,115.983,01_0359.JPG
360,1681,29.738,115.983,01_0360.JPG
361,1685,29.7373,115.983,01_0361.JPG
362,1689,29.7366,115.983,01_0362.JPG
363,1692,29.7359,115.983,01_0363.JPG
364,1696,29.7352,115.983,01_0364.JPG
365,1699,29.7345,115.983,01_0365.JPG
366,1703,29.7337,115.983,01_0366.JPG
367,1706,29.733,115.983,01_0367.JPG
368,1709,29.7323,115.983,01_0368.JPG
369,1713,29.7316,115.983,01_0369.JPG
370,1716,29.7309,115.983,01_0370.JPG
371,1720,29.7302,115.983,01_0371.JPG
372,1723,29.7295,115.983,01_0372.JPG
373,1726,29.7288,115.983,01_0373.JPG
374,1730,29.728,115.983,01_0374.JPG
375,1733,29.7273,115.983,01_0375.JPG
376,1737,29.7266,115.983,01_0376.JPG
377,1740,29.7259,115.983,01_0377.JPG
378,1743,29.7252,115.983,01_0378.JPG
379,1747,29.7245,115.983,01_0379.JPG
380,1750,29.7238,115.983,01_0380.JPG
381,1754,29.7231,115.983,01_0381.JPG
382,1757,29.7223,115.983,01_0382.JPG
383,1761,29.7216,115.983,01_0383.JPG
384,1765,29.7209,115.983,01_0384.JPG
385,1768,29.7202,115.983,01_0385.JPG
386,1772,29.7195,115.983,01_0386.JPG
387,1775,29.7188,115.983,01_0387.JPG
388,1779,29.7181,115.983,01_0388.JPG
389,1782,29.7173,115.983,01_0389.JPG
390,1786,29.7166,115.983,01_0390.JPG
391,1789,29.7159,115.983,01_0391.JPG
392,1793,29.7152,115.983,01_0392.JPG
393,1797,29.7145,115.983,01_0393.JPG
394,1800,29.7138,115.983,01_0394.JPG
395,1803,29.7131,115.983,01_0395.JPG
396,1807,29.7124,115.983,01_0396.JPG
397,1810,29.7116,115.983,01_0397.JPG
398,1813,29.7109,115.983,01_0398.JPG
399,1817,29.7102,115.983,01_0399.JPG
400,1820,29.7095,115.983,01_0400.JPG
401,1824,29.7088,115.983,01_0401.JPG
402,1827,29.7081,115.983,01_0402.JPG
403,1873,29.7084,115.985,01_0403.JPG
404,1878,29.7091,115.985,01_0404.JPG
405,1883,29.7098,115.985,01_0405.JPG
406,1889,29.7105,115.985,01_0406.JPG
407,1894,29.7113,115.985,01_0407.JPG
408,1899,29.712,115.985,01_0408.JPG
409,1904,29.7127,115.985,01_0409.JPG
410,1910,29.7134,115.985,01_0410.JPG
411,1915,29.7141,115.985,01_0411.JPG
412,1920,29.7148,115.985,01_0412.JPG
413,1925,29.7155,115.985,01_0413.JPG
414,1931,29.7162,115.985,01_0414.JPG
415,1935,29.7169,115.985,01_0415.JPG
416,1940,29.7177,115.985,01_0416.JPG
417,1945,29.7184,115.985,01_0417.JPG
418,1950,29.7191,115.985,01_0418.JPG
419,1955,29.7198,115.985,01_0419.JPG
420,1960,29.7205,115.985,01_0420.JPG
421,1966,29.7212,115.985,01_0421.JPG
422,1971,29.7219,115.985,01_0422.JPG
423,1976,29.7226,115.985,01_0423.JPG
424,1981,29.7234,115.985,01_0424.JPG
425,1987,29.7241,115.985,01_0425.JPG
426,1992,29.7248,115.985,01_0426.JPG
427,1997,29.7255,115.985,01_0427.JPG
428,2002,29.7262,115.985,01_0428.JPG
429,2007,29.7269,115.985,01_0429.JPG
430,2013,29.7276,115.985,01_0430.JPG
431,2018,29.7284,115.985,01_0431.JPG
432,2023,29.7291,115.985,01_0432.JPG
433,2029,29.7298,115.985,01_0433.JPG
434,2034,29.7305,115.985,01_0434.JPG
435,2039,29.7312,115.985,01_0435.JPG
436,2044,29.7319,115.985,01_0436.JPG
437,2049,29.7326,115.985,01_0437.JPG
438,2054,29.7333,115.985,01_0438.JPG
439,2060,29.7341,115.985,01_0439.JPG
440,2065,29.7348,115.985,01_0440.JPG
441,2070,29.7355,115.985,01_0441.JPG
442,2075,29.7362,115.985,01_0442.JPG
443,2080,29.7369,115.985,01_0443.JPG
444,2085,29.7376,115.985,01_0444.JPG
445,2090,29.7383,115.985,01_0445.JPG
446,2095,29.739,115.985,01_0446.JPG
447,2100,29.7398,115.985,01_0447.JPG
448,2106,29.7405,115.985,01_0448.JPG
449,2112,29.7412,115.985,01_0449.JPG
450,2117,29.7419,115.985,01_0450.JPG
451,2121,29.7426,115.985,01_0451.JPG
452,2126,29.7433,115.985,01_0452.JPG
453,2131,29.744,115.985,01_0453.JPG
454,2137,29.7447,115.985,01_0454.JPG
455,2141,29.7455,115.985,01_0455.JPG
456,2146,29.7462,115.985,01_0456.JPG
457,2152,29.7469,115.985,01_0457.JPG
458,2157,29.7476,115.985,01_0458.JPG
459,2162,29.7483,115.985,01_0459.JPG
460,2168,29.749,115.985,01_0460.JPG
461,2173,29.7497,115.985,01_0461.JPG
462,2178,29.7504,115.985,01_0462.JPG
463,2183,29.7512,115.985,01_0463.JPG
464,2187,29.7519,115.985,01_0464.JPG
465,2192,29.7526,115.985,01_0465.JPG
466,2197,29.7533,115.985,01_0466.JPG
467,2202,29.754,115.985,01_0467.JPG
468,2208,29.7547,115.985,01_0468.JPG
469,2213,29.7554,115.985,01_0469.JPG
470,2218,29.7561,115.985,01_0470.JPG
471,2223,29.7569,115.985,01_0471.JPG
472,2228,29.7576,115.985,01_0472.JPG
473,2233,29.7583,115.985,01_0473.JPG
474,2238,29.759,115.985,01_0474.JPG
475,2243,29.7597,115.985,01_0475.JPG
476,2248,29.7604,115.985,01_0476.JPG
477,2253,29.7611,115.985,01_0477.JPG
478,2258,29.7619,115.985,01_0478.JPG
479,2263,29.7626,115.985,01_0479.JPG
480,2268,29.7633,115.985,01_0480.JPG
481,2273,29.764,115.985,01_0481.JPG
482,2278,29.7647,115.985,01_0482.JPG
483,2283,29.7654,115.985,01_0483.JPG
484,2288,29.7661,115.985,01_0484.JPG
485,2292,29.7668,115.985,01_0485.JPG
486,2342,29.7665,115.987,01_0486.JPG
487,2345,29.7658,115.987,01_0487.JPG
488,2348,29.7651,115.987,01_0488.JPG
489,2351,29.7644,115.987,01_0489.JPG
490,2355,29.7637,115.987,01_0490.JPG
491,2358,29.763,115.987,01_0491.JPG
492,2362,29.7623,115.987,01_0492.JPG
493,2365,29.7615,115.987,01_0493.JPG
494,2369,29.7608,115.987,01_0494.JPG
495,2372,29.7601,115.987,01_0495.JPG
496,2376,29.7594,115.987,01_0496.JPG
497,2379,29.7587,115.987,01_0497.JPG
498,2383,29.758,115.987,01_0498.JPG
499,2386,29.7573,115.987,01_0499.JPG
500,2390,29.7566,115.987,01_0500.JPG
501,2393,29.7558,115.987,01_0501.JPG
502,2397,29.7551,115.987,01_0502.JPG
503,2400,29.7544,115.987,01_0503.JPG
504,2404,29.7537,115.987,01_0504.JPG
505,2407,29.753,115.987,01_0505.JPG
506,2410,29.7523,115.987,01_0506.JPG
507,2414,29.7516,115.987,01_0507.JPG
508,2417,29.7509,115.987,01_0508.JPG
509,2420,29.7501,115.987,01_0509.JPG
510,2424,29.7494,115.987,01_0510.JPG
511,2427,29.7487,115.987,01_0511.JPG
512,2430,29.748,115.987,01_0512.JPG
513,2434,29.7473,115.987,01_0513.JPG
514,2437,29.7466,115.987,01_0514.JPG
515,2441,29.7459,115.987,01_0515.JPG
516,2444,29.7452,115.987,01_0516.JPG
517,2447,29.7444,115.987,01_0517.JPG
518,2451,29.7437,115.987,01_0518.JPG
519,2454,29.743,115.987,01_0519.JPG
520,2458,29.7423,115.987,01_0520.JPG
521,2461,29.7416,115.987,01_0521.JPG
522,2464,29.7409,115.987,01_0522.JPG
523,2468,29.7402,115.987,01_0523.JPG
524,2471,29.7395,115.987,01_0524.JPG
525,2474,29.7387,115.987,01_0525.JPG
526,2477,29.738,115.987,01_0526.JPG
527,2481,29.7373,115.987,01_0527.JPG
528,2484,29.7366,115.987,01_0528.JPG
529,2487,29.7359,115.987,01_0529.JPG
530,2490,29.7352,115.987,01_0530.JPG
531,2493,29.7345,115.987,01_0531.JPG
532,2496,29.7338,115.987,01_0532.JPG
533,2500,29.733,115.987,01_0533.JPG
534,2503,29.7323,115.987,01_0534.JPG
535,2506,29.7316,115.987,01_0535.JPG
536,2510,29.7309,115.987,01_0536.JPG
537,2513,29.7302,115.987,01_0537.JPG
538,2516,29.7295,115.987,01_0538.JPG
539,2520,29.7288,115.987,01_0539.JPG
540,2523,29.7281,115.987,01_0540.JPG
541,2527,29.7273,115.987,01_0541.JPG
542,2530,29.7266,115.987,01_0542.JPG
543,2533,29.7259,115.987,01_0543.JPG
544,2536,29.7252,115.987,01_0544.JPG
545,2540,29.7245,115.987,01_0545.JPG
546,2543,29.7238,115.987,01_0546.JPG
547,2546,29.7231,115.987,01_0547.JPG
548,2549,29.7224,115.987,01_0548.JPG
549,2553,29.7216,115.987,01_0549.JPG
550,2556,29.7209,115.987,01_0550.JPG
551,2560,29.7202,115.987,01_0551.JPG
552,2563,29.7195,115.987,01_0552.JPG
553,2566,29.7188,115.987,01_0553.JPG
554,2569,29.7181,115.987,01_0554.JPG
555,2573,29.7174,115.987,01_0555.JPG
556,2576,29.7166,115.987,01_0556.JPG
557,2579,29.7159,115.987,01_0557.JPG
558,2582,29.7152,115.987,01_0558.JPG
559,2586,29.7145,115.987,01_0559.JPG
560,2589,29.7138,115.987,01_0560.JPG
561,2592,29.7131,115.987,01_0561.JPG
562,2596,29.7124,115.987,01_0562.JPG
563,2599,29.7117,115.987,01_0563.JPG
564,2603,29.7109,115.987,01_0564.JPG
565,2606,29.7102,115.987,01_0565.JPG
566,2610,29.7095,115.987,01_0566.JPG
567,2659,29.7098,115.989,01_0567.JPG
568,2664,29.7105,115.989,01_0568.JPG
569,2670,29.7113,115.989,01_0569.JPG
570,2675,29.712,115.989,01_0570.JPG
571,2680,29.7127,115.989,01_0571.JPG
572,2686,29.7134,115.989,01_0572.JPG
573,2691,29.7141,115.989,01_0573.JPG
574,2696,29.7148,115.989,01_0574.JPG
575,2701,29.7155,115.989,01_0575.JPG
576,2707,29.7162,115.989,01_0576.JPG
577,2712,29.717,115.989,01_0577.JPG
578,2717,29.7177,115.989,01_0578.JPG
579,2723,29.7184,115.989,01_0579.JPG
580,2729,29.7191,115.989,01_0580.JPG
581,2734,29.7198,115.989,01_0581.JPG
582,2740,29.7205,115.989,01_0582.JPG
583,2745,29.7212,115.989,01_0583.JPG
584,2751,29.7219,115.989,01_0584.JPG
585,2756,29.7227,115.989,01_0585.JPG
586,2761,29.7234,115.989,01_0586.JPG
587,2767,29.7241,115.989,01_0587.JPG
588,2772,29.7248,115.989,01_0588.JPG
589,2778,29.7255,115.989,01_0589.JPG
590,2783,29.7262,115.989,01_0590.JPG
591,2789,29.7269,115.989,01_0591.JPG
592,2795,29.7276,115.989,01_0592.JPG
593,2800,29.7284,115.989,01_0593.JPG
594,2805,29.7291,115.989,01_0594.JPG
595,2811,29.7298,115.989,01_0595.JPG
596,2816,29.7305,115.989,01_0596.JPG
597,2822,29.7312,115.989,01_0597.JPG
598,2828,29.7319,115.989,01_0598.JPG
599,2833,29.7326,115.989,01_0599.JPG
600,2839,29.7333,115.989,01_0600.JPG
601,2844,29.7341,115.989,01_0601.JPG
602,2850,29.7348,115.989,01_0602.JPG
603,2856,29.7355,115.989,01_0603.JPG
604,2862,29.7362,115.989,01_0604.JPG
605,2868,29.7369,115.989,01_0605.JPG
606,2873,29.7376,115.989,01_0606.JPG
607,2879,29.7383,115.989,01_0607.JPG
608,2885,29.739,115.989,01_0608.JPG
609,2890,29.7398,115.989,01_0609.JPG
610,2896,29.7405,115.989,01_0610.JPG
611,2901,29.7412,115.989,01_0611.JPG
612,2907,29.7419,115.989,01_0612.JPG
613,2913,29.7426,115.989,01_0613.JPG
614,2918,29.7433,115.989,01_0614.JPG
615,2924,29.744,115.989,01_0615.JPG
616,2929,29.7447,115.989,01_0616.JPG
617,2934,29.7455,115.989,01_0617.JPG
618,2940,29.7462,115.989,01_0618.JPG
619,2946,29.7469,115.989,01_0619.JPG
620,2951,29.7476,115.989,01_0620.JPG
621,2956,29.7483,115.989,01_0621.JPG
622,2962,29.749,115.989,01_0622.JPG
623,2968,29.7497,115.989,01_0623.JPG
624,2974,29.7505,115.989,01_0624.JPG
625,2979,29.7512,115.989,01_0625.JPG
626,2984,29.7519,115.989,01_0626.JPG
627,2989,29.7526,115.989,01_0627.JPG
628,2995,29.7533,115.989,01_0628.JPG
629,3000,29.754,115.989,01_0629.JPG
630,3006,29.7547,115.989,01_0630.JPG
631,3011,29.7554,115.989,01_0631.JPG
632,3017,29.7561,115.989,01_0632.JPG
633,3022,29.7569,115.989,01_0633.JPG
634,3027,29.7576,115.989,01_0634.JPG
635,3032,29.7583,115.989,01_0635.JPG
636,3037,29.759,115.989,01_0636.JPG
637,3042,29.7597,115.989,01_0637.JPG
638,3048,29.7604,115.989,01_0638.JPG
639,3053,29.7611,115.989,01_0639.JPG
640,3059,29.7619,115.989,01_0640.JPG
641,3066,29.7626,115.989,01_0641.JPG
642,3072,29.7633,115.989,01_0642.JPG
643,3078,29.764,115.989,01_0643.JPG
644,3084,29.7647,115.989,01_0644.JPG
645,3089,29.7654,115.989,01_0645.JPG
646,3095,29.7661,115.989,01_0646.JPG
647,3101,29.7668,115.989,01_0647.JPG
648,3107,29.7676,115.989,01_0648.JPG
649,3114,29.7683,115.989,01_0649.JPG
650,3120,29.769,115.989,01_0650.JPG
651,3169,29.7687,115.991,01_0651.JPG
652,3172,29.768,115.991,01_0652.JPG
653,3175,29.7673,115.991,01_0653.JPG
654,3178,29.7665,115.991,01_0654.JPG
655,3181,29.7658,115.991,01_0655.JPG
656,3184,29.7651,115.991,01_0656.JPG
657,3187,29.7644,115.991,01_0657.JPG
658,3190,29.7637,115.991,01_0658.JPG
659,3194,29.763,115.991,01_0659.JPG
660,3197,29.7623,115.991,01_0660.JPG
661,3200,29.7615,115.991,01_0661.JPG
662,3203,29.7608,115.991,01_0662.JPG
663,3206,29.7601,115.991,01_0663.JPG
664,3210,29.7594,115.991,01_0664.JPG
665,3213,29.7587,115.991,01_0665.JPG
666,3216,29.758,115.991,01_0666.JPG
667,3220,29.7573,115.991,01_0667.JPG
668,3223,29.7566,115.991,01_0668.JPG
669,3227,29.7558,115.991,01_0669.JPG
670,3230,29.7551,115.991,01_0670.JPG
671,3233,29.7544,115.991,01_0671.JPG
672,3237,29.7537,115.991,01_0672.JPG
673,3240,29.753,115.991,01_0673.JPG
674,3244,29.7523,115.991,01_0674.JPG
675,3247,29.7516,115.991,01_0675.JPG
676,3251,29.7509,115.991,01_0676.JPG
677,3254,29.7501,115.991,01_0677.JPG
678,3257,29.7494,115.991,01_0678.JPG
679,3260,29.7487,115.991,01_0679.JPG
680,3263,29.748,115.991,01_0680.JPG
681,3266,29.7473,115.991,01_0681.JPG
682,3270,29.7466,115.991,01_0682.JPG
683,3273,29.7459,115.991,01_0683.JPG
684,3276,29.7452,115.991,01_0684.JPG
685,3279,29.7444,115.991,01_0685.JPG
686,3282,29.7437,115.991,01_0686.JPG
687,3285,29.743,115.991,01_0687.JPG
688,3288,29.7423,115.991,01_0688.JPG
689,3291,29.7416,115.991,01_0689.JPG
690,3295,29.7409,115.991,01_0690.JPG
691,3298,29.7402,115.991,01_0691.JPG
692,3302,29.7395,115.991,01_0692.JPG
693,3305,29.7387,115.991,01_0693.JPG
694,3309,29.738,115.991,01_0694.JPG
695,3312,29.7373,115.991,01_0695.JPG
696,3315,29.7366,115.991,01_0696.JPG
697,3319,29.7359,115.991,01_0697.JPG
698,3322,29.7352,115.991,01_0698.JPG
699,3325,29.7345,115.991,01_0699.JPG
700,3328,29.7338,115.991,01_0700.JPG
701,3332,29.733,115.991,01_0701.JPG
702,3335,29.7323,115.991,01_0702.JPG
703,3339,29.7316,115.991,01_0703.JPG
704,3342,29.7309,115.991,01_0704.JPG
705,3346,29.7302,115.991,01_0705.JPG
706,3349,29.7295,115.991,01_0706.JPG
707,3352,29.7288,115.991,01_0707.JPG
708,3355,29.7281,115.991,01_0708.JPG
709,3358,29.7273,115.991,01_0709.JPG
710,3361,29.7266,115.991,01_0710.JPG
711,3365,29.7259,115.991,01_0711.JPG
712,3368,29.7252,115.991,01_0712.JPG
713,3371,29.7245,115.991,01_0713.JPG
714,3375,29.7238,115.991,01_0714.JPG
715,3378,29.7231,115.991,01_0715.JPG
716,3382,29.7224,115.991,01_0716.JPG
717,3385,29.7216,115.991,01_0717.JPG
718,3389,29.7209,115.991,01_0718.JPG
719,3392,29.7202,115.991,01_0719.JPG
720,3396,29.7195,115.991,01_0720.JPG
721,3399,29.7188,115.991,01_0721.JPG
722,3403,29.7181,115.991,01_0722.JPG
723,3406,29.7174,115.991,01_0723.JPG
724,3410,29.7167,115.991,01_0724.JPG
725,3413,29.7159,115.991,01_0725.JPG
726,3417,29.7152,115.991,01_0726.JPG
727,3420,29.7145,115.991,01_0727.JPG
728,3423,29.7138,115.991,01_0728.JPG
729,3427,29.7131,115.991,01_0729.JPG
730,3430,29.7124,115.991,01_0730.JPG
731,3434,29.7117,115.991,01_0731.JPG
732,3483,29.712,115.993,01_0732.JPG
733,3489,29.7127,115.993,01_0733.JPG
734,3494,29.7134,115.993,01_0734.JPG
735,3499,29.7141,115.993,01_0735.JPG
736,3505,29.7148,115.993,01_0736.JPG
737,3509,29.7155,115.993,01_0737.JPG
738,3514,29.7163,115.993,01_0738.JPG
739,3520,29.717,115.993,01_0739.JPG
740,3525,29.7177,115.993,01_0740.JPG
741,3530,29.7184,115.993,01_0741.JPG
742,3535,29.7191,115.993,01_0742.JPG
743,3541,29.7198,115.993,01_0743.JPG
744,3546,29.7205,115.993,01_0744.JPG
745,3551,29.7212,115.993,01_0745.JPG
746,3557,29.722,115.993,01_0746.JPG
747,3562,29.7227,115.993,01_0747.JPG
748,3567,29.7234,115.993,01_0748.JPG
749,3573,29.7241,115.993,01_0749.JPG
750,3579,29.7248,115.993,01_0750.JPG
751,3584,29.7255,115.993,01_0751.JPG
752,3590,29.7262,115.993,01_0752.JPG
753,3595,29.7269,115.993,01_0753.JPG
754,3601,29.7277,115.993,01_0754.JPG
755,3607,29.7284,115.993,01_0755.JPG
756,3612,29.7291,115.993,01_0756.JPG
757,3618,29.7298,115.993,01_0757.JPG
758,3624,29.7305,115.993,01_0758.JPG
759,3629,29.7312,115.993,01_0759.JPG
760,3635,29.7319,115.993,01_0760.JPG
761,3640,29.7326,115.993,01_0761.JPG
762,3646,29.7334,115.993,01_0762.JPG
763,3651,29.7341,115.993,01_0763.JPG
764,3657,29.7348,115.993,01_0764.JPG
765,3662,29.7355,115.993,01_0765.JPG
766,3667,29.7362,115.993,01_0766.JPG
767,3672,29.7369,115.993,01_0767.JPG
768,3678,29.7376,115.993,01_0768.JPG
769,3684,29.7383,115.993,01_0769.JPG
770,3690,29.7391,115.993,01_0770.JPG
771,3695,29.7398,115.993,01_0771.JPG
772,3701,29.7405,115.993,01_0772.JPG
773,3706,29.7412,115.993,01_0773.JPG
774,3713,29.7419,115.993,01_0774.JPG
775,3718,29.7426,115.993,01_0775.JPG
776,3724,29.7433,115.993,01_0776.JPG
777,3730,29.744,115.993,01_0777.JPG
778,3736,29.7448,115.993,01_0778.JPG
779,3743,29.7455,115.993,01_0779.JPG
780,3748,29.7462,115.993,01_0780.JPG
781,3754,29.7469,115.993,01_0781.JPG
782,3759,29.7476,115.993,01_0782.JPG
783,3764,29.7483,115.993,01_0783.JPG
784,3770,29.749,115.993,01_0784.JPG
785,3775,29.7497,115.993,01_0785.JPG
786,3782,29.7505,115.993,01_0786.JPG
787,3788,29.7512,115.993,01_0787.JPG
788,3794,29.7519,115.993,01_0788.JPG
789,3799,29.7526,115.993,01_0789.JPG
790,3805,29.7533,115.993,01_0790.JPG
791,3811,29.754,115.993,01_0791.JPG
792,3818,29.7547,115.993,01_0792.JPG
793,3824,29.7555,115.993,01_0793.JPG
794,3830,29.7562,115.993,01_0794.JPG
795,3836,29.7569,115.993,01_0795.JPG
796,3842,29.7576,115.993,01_0796.JPG
797,3848,29.7583,115.993,01_0797.JPG
798,3853,29.759,115.993,01_0798.JPG
799,3859,29.7597,115.993,01_0799.JPG
800,3864,29.7604,115.993,01_0800.JPG
801,3870,29.7612,115.993,01_0801.JPG
802,3877,29.7619,115.993,01_0802.JPG
803,3883,29.7626,115.993,01_0803.JPG
804,3889,29.7633,115.993,01_0804.JPG
805,3895,29.764,115.993,01_0805.JPG
806,3902,29.7647,115.993,01_0806.JPG
807,3907,29.7654,115.993,01_0807.JPG
808,3913,29.7661,115.993,01_0808.JPG
809,3918,29.7669,115.993,01_0809.JPG
810,3924,29.7676,115.993,01_0810.JPG
811,3931,29.7683,115.993,01_0811.JPG
812,3937,29.769,115.993,01_0812.JPG
813,3943,29.7697,115.993,01_0813.JPG
814,3949,29.7704,115.993,01_0814.JPG
815,3954,29.7711,115.993,01_0815.JPG
816,3959,29.7718,115.993,01_0816.JPG
817,3963,29.7723,115.993,01_0817.JPG
