Frame,Time_Sec,Raw_Lat,Raw_Lng,Predicted_Lat,Predicted_Lng,Filtered_Lat,Filtered_Lng,Match_Confidence,Innovation_M,Outlier_Rejected,Best_Match_Idx,Algorithm,Inliers,Measurement_Valid,Correct_Candidate_Rank,Top1_Min_Dist_M,Top5_Min_Dist_M,Top10_Min_Dist_M
1,2.00,32.36208108,109.63884410,32.35150000,109.64700000,32.35150000,109.64700000,0.5800,1405.55,1,101,split_finetuned_disk,12,1,3,1525.23,124.44,124.44
2,5.00,32.36208108,109.63884410,32.35150000,109.64700000,32.35150000,109.64700000,0.5800,1405.55,1,101,split_finetuned_disk,12,1,4,1574.64,113.23,113.23
3,7.00,32.36208108,109.63884410,32.35150000,109.64700000,32.35150000,109.64700000,0.5800,1405.55,1,101,split_finetuned_disk,12,1,5,1624.46,127.87,127.87
4,10.00,32.36208108,109.63884410,32.35150000,109.64700000,32.35150000,109.64700000,0.5800,1405.55,1,101,split_finetuned_disk,12,1,-1,1674.65,161.49,161.49
5,12.00,32.36208108,109.63884410,32.35150000,109.64700000,32.35150000,109.64700000,0.5800,1405.55,1,101,split_finetuned_disk,12,1,-1,1776.03,275.78,275.78
6,65.00,32.35236373,109.64463516,32.35150000,109.64700000,32.35150000,109.64700000,0.6033,242.27,1,37,split_finetuned_disk,13,1,-1,489.45,238.43,238.43
7,68.00,32.36208108,109.63884410,32.35150000,109.64700000,32.35150000,109.64700000,0.5800,1405.55,1,101,split_finetuned_disk,12,1,-1,1698.83,183.00,183.00
8,71.00,32.36208108,109.63884410,32.35150000,109.64700000,32.35150000,109.64700000,0.5800,1405.55,1,101,split_finetuned_disk,12,1,2,1647.13,127.78,127.78
9,74.00,32.35064223,109.64908494,32.35150000,109.64700000,32.35150000,109.64700000,0.5333,218.07,1,29,split_finetuned_disk,10,1,2,387.37,73.22,73.22
10,77.00,32.36208108,109.63884410,32.35150000,109.64700000,32.36208108,109.63884410,0.5800,1405.55,1,101,split_finetuned_disk,12,1,4,1498.87,75.01,75.01
11,80.00,32.36208108,109.63884410,32.36208108,109.63884410,32.36208108,109.63884410,0.5800,0.00,0,101,split_finetuned_disk,12,1,4,1446.87,91.06,91.06
12,83.00,32.36274641,109.64168247,32.36208108,109.63884410,32.36208108,109.63884410,0.6033,276.98,1,102,split_finetuned_disk,13,1,-1,1332.82,901.29,901.29
13,86.00,32.36208108,109.63884410,32.36208108,109.63884410,32.36208108,109.63884410,0.5800,0.00,0,101,split_finetuned_disk,12,1,4,1343.75,83.50,83.50
14,89.00,32.36614650,109.64979637,32.36208108,109.63884410,32.36208108,109.63884410,0.5567,1124.92,1,128,split_finetuned_disk,11,1,2,1651.02,77.22,77.22
15,92.00,32.35247104,109.64807597,32.36208108,109.63884410,32.36208108,109.63884410,0.6500,1377.69,1,39,split_finetuned_disk,15,1,-1,378.72,356.96,356.96
16,96.00,32.35247104,109.64807597,32.36208108,109.63884410,32.36208108,109.63884410,0.6500,1377.69,1,39,split_finetuned_disk,15,1,-1,395.04,309.05,309.05
17,99.00,32.36208108,109.63884410,32.36208108,109.63884410,32.36208108,109.63884410,0.5800,0.00,0,101,split_finetuned_disk,12,1,-1,1091.83,431.33,431.33
18,102.00,32.36208108,109.63884410,32.36208108,109.63884410,32.36208108,109.63884410,0.5800,0.00,0,101,split_finetuned_disk,12,1,-1,1040.92,776.54,776.54
19,105.00,32.36208108,109.63884410,32.36208108,109.63884410,32.36208108,109.63884410,0.5800,0.00,0,101,split_finetuned_disk,12,1,-1,990.53,535.53,535.53
20,108.00,32.36208108,109.63884410,32.36208108,109.63884410,32.36208108,109.63884410,0.5800,0.00,0,101,split_finetuned_disk,12,1,-1,930.85,170.78,170.78
21,111.00,32.36274641,109.64168247,32.36208108,109.63884410,32.36208108,109.63884410,0.6033,276.98,1,102,split_finetuned_disk,13,1,-1,781.47,585.62,585.62
22,114.00,32.36208108,109.63884410,32.36208108,109.63884410,32.36208108,109.63884410,0.5800,0.00,0,101,split_finetuned_disk,12,1,-1,789.28,734.95,734.95
23,118.00,32.36208108,109.63884410,32.36208108,109.63884410,32.36208108,109.63884410,0.5800,0.00,0,101,split_finetuned_disk,12,1,-1,739.33,739.33,739.33
24,121.00,32.36208108,109.63884410,32.36208108,109.63884410,32.36208108,109.63884410,0.5800,0.00,0,101,split_finetuned_disk,12,1,-1,690.26,690.26,690.26
25,124.00,32.36208108,109.63884410,32.36208108,109.63884410,32.36208108,109.63884410,0.5800,0.00,0,101,split_finetuned_disk,12,1,-1,632.81,632.81,632.81
26,127.00,32.36208108,109.63884410,32.36208108,109.63884410,32.36208108,109.63884410,0.5800,0.00,0,101,split_finetuned_disk,12,1,-1,586.45,414.24,414.24
27,130.00,32.36208108,109.63884410,32.36208108,109.63884410,32.36208108,109.63884410,0.5800,0.00,0,101,split_finetuned_disk,12,1,6,488.93,49.38,49.38
28,133.00,32.36208108,109.63884410,32.36208108,109.63884410,32.36208108,109.63884410,0.5800,0.00,0,101,split_finetuned_disk,12,1,-1,441.50,441.50,441.50
29,137.00,32.36274641,109.64168247,32.36208108,109.63884410,32.36208108,109.63884410,0.6033,276.98,1,102,split_finetuned_disk,13,1,6,315.89,120.86,120.86
30,140.00,32.36274641,109.64168247,32.36208108,109.63884410,32.36208108,109.63884410,0.6033,276.98,1,102,split_finetuned_disk,13,1,4,249.89,63.08,63.08
31,143.00,32.36274641,109.64168247,32.36208108,109.63884410,32.36208108,109.63884410,0.6033,276.98,1,102,split_finetuned_disk,13,1,-1,195.29,195.29,195.29
32,146.00,32.36274641,109.64168247,32.36208108,109.63884410,32.36208108,109.63884410,0.6033,276.98,1,102,split_finetuned_disk,13,1,1,144.17,82.77,82.77
33,149.00,32.36274641,109.64168247,32.36208108,109.63884410,32.36208108,109.63884410,0.6033,276.98,1,102,split_finetuned_disk,13,1,1,94.20,94.20,94.20
34,152.00,32.36274641,109.64168247,32.36208108,109.63884410,32.36208108,109.63884410,0.6033,276.98,1,102,split_finetuned_disk,13,1,1,56.19,56.19,56.19
35,155.00,32.36208108,109.63884410,32.36208108,109.63884410,32.36208108,109.63884410,0.5800,0.00,0,101,split_finetuned_disk,12,1,-1,155.12,155.12,155.12
36,158.00,32.36274641,109.64168247,32.36208108,109.63884410,32.36208108,109.63884410,0.6033,276.98,1,102,split_finetuned_disk,13,1,1,111.32,111.32,111.32
37,161.00,32.35247104,109.64807597,32.36208108,109.63884410,32.36208108,109.63884410,0.6500,1377.69,1,39,split_finetuned_disk,15,1,-1,1502.92,155.73,155.73
38,164.00,32.36274641,109.64168247,32.36208108,109.63884410,32.36208108,109.63884410,0.6033,276.98,1,102,split_finetuned_disk,13,1,8,255.44,55.88,55.88
39,168.00,32.36274641,109.64168247,32.36208108,109.63884410,32.36208108,109.63884410,0.6033,276.98,1,102,split_finetuned_disk,13,1,5,302.91,85.80,85.80
40,171.00,32.35247104,109.64807597,32.36208108,109.63884410,32.36208108,109.63884410,0.6500,1377.69,1,39,split_finetuned_disk,15,1,7,1704.20,86.87,86.87
41,174.00,32.37138613,109.64796698,32.36208108,109.63884410,32.36208108,109.63884410,0.5567,1344.94,1,161,split_finetuned_disk,11,1,-1,1125.72,331.33,331.33
42,178.00,32.35247104,109.64807597,32.36208108,109.63884410,32.36208108,109.63884410,0.6500,1377.69,1,39,split_finetuned_disk,15,1,-1,1804.98,165.37,165.37
43,182.00,32.35392427,109.64739730,32.36208108,109.63884410,32.36208108,109.63884410,0.5333,1212.99,1,49,split_finetuned_disk,10,1,5,1595.67,113.82,113.82
44,186.00,32.35392427,109.64739730,32.36208108,109.63884410,32.36208108,109.63884410,0.5333,1212.99,1,49,split_finetuned_disk,10,1,4,1681.53,59.35,59.35
45,189.00,32.36614650,109.64979637,32.36208108,109.63884410,32.36614650,109.64979637,0.5567,1124.92,1,128,split_finetuned_disk,11,1,5,1060.31,40.62,40.62
46,192.00,32.36274641,109.64168247,32.36614650,109.64979637,32.36614650,109.64979637,0.6033,851.69,1,102,split_finetuned_disk,13,1,5,718.73,87.07,87.07
47,196.00,32.36274641,109.64168247,32.36614650,109.64979637,32.36614650,109.64979637,0.6033,851.69,1,102,split_finetuned_disk,13,1,6,771.44,139.07,139.07
48,199.00,32.36096052,109.65692671,32.36614650,109.64979637,32.36614650,109.64979637,0.5800,884.77,1,98,split_finetuned_disk,12,1,-1,1914.42,193.12,193.12
49,253.00,32.36208108,109.63884410,32.36614650,109.64979637,32.36614650,109.64979637,0.5800,1124.92,1,101,split_finetuned_disk,12,1,-1,799.79,567.50,567.50
50,255.00,32.36208108,109.63884410,32.36614650,109.64979637,32.36614650,109.64979637,0.5800,1124.92,1,101,split_finetuned_disk,12,1,-1,746.59,312.38,312.38
51,257.00,32.36208108,109.63884410,32.36614650,109.64979637,32.36614650,109.64979637,0.5800,1124.92,1,101,split_finetuned_disk,12,1,-1,683.27,245.91,245.91
52,260.00,32.36208108,109.63884410,32.36614650,109.64979637,32.36614650,109.64979637,0.5800,1124.92,1,101,split_finetuned_disk,12,1,-1,631.05,389.69,389.69
53,262.00,32.36274641,109.64168247,32.36614650,109.64979637,32.36614650,109.64979637,0.6033,851.69,1,102,split_finetuned_disk,13,1,5,628.61,148.94,148.94
54,265.00,32.36274641,109.64168247,32.36614650,109.64979637,32.36614650,109.64979637,0.6033,851.69,1,102,split_finetuned_disk,13,1,-1,582.16,154.00,154.00
55,267.00,32.36274641,109.64168247,32.36614650,109.64979637,32.36274641,109.64168247,0.6033,851.69,1,102,split_finetuned_disk,13,1,-1,537.45,258.65,258.65
56,270.00,32.36274641,109.64168247,32.36274641,109.64168247,32.36274641,109.64168247,0.6033,0.00,0,102,split_finetuned_disk,13,1,8,486.80,80.62,80.62
57,272.00,32.36208108,109.63884410,32.36274641,109.64168247,32.36274641,109.64168247,0.5800,276.98,1,101,split_finetuned_disk,12,1,8,327.58,120.87,120.87
58,275.00,32.36208108,109.63884410,32.36274641,109.64168247,32.36274641,109.64168247,0.5800,276.98,1,101,split_finetuned_disk,12,1,7,246.77,58.60,58.60
59,277.00,32.36208108,109.63884410,32.36274641,109.64168247,32.36274641,109.64168247,0.5800,276.98,1,101,split_finetuned_disk,12,1,6,192.01,40.90,40.90
60,280.00,32.36208108,109.63884410,32.36274641,109.64168247,32.36274641,109.64168247,0.5800,276.98,1,101,split_finetuned_disk,12,1,1,137.98,78.15,78.15
61,283.00,32.36208108,109.63884410,32.36274641,109.64168247,32.36274641,109.64168247,0.5800,276.98,1,101,split_finetuned_disk,12,1,1,76.31,76.31,76.31
62,285.00,32.36208108,109.63884410,32.36274641,109.64168247,32.36274641,109.64168247,0.5800,276.98,1,101,split_finetuned_disk,12,1,1,40.33,40.33,40.33
63,288.00,32.36208108,109.63884410,32.36274641,109.64168247,32.36274641,109.64168247,0.5800,276.98,1,101,split_finetuned_disk,12,1,1,60.21,60.21,60.21
64,290.00,32.36208108,109.63884410,32.36274641,109.64168247,32.36274641,109.64168247,0.5800,276.98,1,101,split_finetuned_disk,12,1,1,115.36,115.36,115.36
65,293.00,32.36208108,109.63884410,32.36274641,109.64168247,32.36274641,109.64168247,0.5800,276.98,1,101,split_finetuned_disk,12,1,-1,166.43,166.43,166.43
66,295.00,32.36208108,109.63884410,32.36274641,109.64168247,32.36208108,109.63884410,0.5800,276.98,1,101,split_finetuned_disk,12,1,10,230.54,59.91,59.91
67,298.00,32.36274641,109.64168247,32.36208108,109.63884410,32.36208108,109.63884410,0.6033,276.98,1,102,split_finetuned_disk,13,1,-1,314.95,188.55,188.55
68,300.00,32.36495082,109.65152947,32.36208108,109.63884410,32.36208108,109.63884410,0.5100,1234.87,1,118,split_finetuned_disk,9,1,-1,1263.97,737.26,737.26
69,303.00,32.36835090,109.64488924,32.36208108,109.63884410,32.36208108,109.63884410,0.5800,900.15,1,136,split_finetuned_disk,12,1,-1,1049.24,345.19,345.19
70,305.00,32.36274641,109.64168247,32.36208108,109.63884410,32.36208108,109.63884410,0.6033,276.98,1,102,split_finetuned_disk,13,1,8,449.44,69.06,69.06
71,308.00,32.36208108,109.63884410,32.36208108,109.63884410,32.36208108,109.63884410,0.5800,0.00,0,101,split_finetuned_disk,12,1,-1,523.82,523.82,523.82
72,310.00,32.36208108,109.63884410,32.36208108,109.63884410,32.36208108,109.63884410,0.5800,0.00,0,101,split_finetuned_disk,12,1,-1,588.16,588.16,588.16
73,313.00,32.36208108,109.63884410,32.36208108,109.63884410,32.36208108,109.63884410,0.5800,0.00,0,101,split_finetuned_disk,12,1,-1,642.16,642.16,642.16
74,315.00,32.36208108,109.63884410,32.36208108,109.63884410,32.36208108,109.63884410,0.5800,0.00,0,101,split_finetuned_disk,12,1,-1,696.43,696.43,696.43
75,318.00,32.36208108,109.63884410,32.36208108,109.63884410,32.36208108,109.63884410,0.5800,0.00,0,101,split_finetuned_disk,12,1,-1,775.05,753.92,753.92
76,321.00,32.36208108,109.63884410,32.36208108,109.63884410,32.36208108,109.63884410,0.5800,0.00,0,101,split_finetuned_disk,12,1,-1,838.73,405.05,405.05
77,323.00,32.36208108,109.63884410,32.36208108,109.63884410,32.36208108,109.63884410,0.5800,0.00,0,101,split_finetuned_disk,12,1,-1,892.15,648.66,648.66
78,326.00,32.36208108,109.63884410,32.36208108,109.63884410,32.36208108,109.63884410,0.5800,0.00,0,101,split_finetuned_disk,12,1,-1,945.83,602.97,602.97
79,328.00,32.36208108,109.63884410,32.36208108,109.63884410,32.36208108,109.63884410,0.5800,0.00,0,101,split_finetuned_disk,12,1,-1,999.72,559.08,559.08
80,331.00,32.36208108,109.63884410,32.36208108,109.63884410,32.36208108,109.63884410,0.5800,0.00,0,101,split_finetuned_disk,12,1,-1,1053.80,517.47,517.47
81,333.00,32.35236373,109.64463516,32.36208108,109.63884410,32.36208108,109.63884410,0.6033,1211.07,1,37,split_finetuned_disk,13,1,1,124.85,124.85,124.85
82,336.00,32.35236373,109.64463516,32.36208108,109.63884410,32.36208108,109.63884410,0.6033,1211.07,1,37,split_finetuned_disk,13,1,1,81.76,81.76,81.76
83,339.00,32.35247104,109.64807597,32.36208108,109.63884410,32.36208108,109.63884410,0.6500,1377.69,1,39,split_finetuned_disk,15,1,-1,462.98,328.27,328.27
84,341.00,32.35247104,109.64807597,32.36208108,109.63884410,32.36208108,109.63884410,0.6500,1377.69,1,39,split_finetuned_disk,15,1,-1,466.73,298.30,298.30
85,344.00,32.35236373,109.64463516,32.36208108,109.63884410,32.36208108,109.63884410,0.6033,1211.07,1,37,split_finetuned_disk,13,1,1,130.96,105.92,105.92
86,346.00,32.35236373,109.64463516,32.36208108,109.63884410,32.36208108,109.63884410,0.6033,1211.07,1,37,split_finetuned_disk,13,1,6,192.23,65.60,65.60
87,349.00,32.34656608,109.65716808,32.36208108,109.63884410,32.36208108,109.63884410,0.6733,2439.64,1,10,split_finetuned_disk,16,1,-1,1223.92,165.66,165.66
88,351.00,32.34656608,109.65716808,32.36208108,109.63884410,32.36208108,109.63884410,0.6733,2439.64,1,10,split_finetuned_disk,16,1,3,1208.59,111.47,111.47
89,354.00,32.34656608,109.65716808,32.36208108,109.63884410,32.36208108,109.63884410,0.6733,2439.64,1,10,split_finetuned_disk,16,1,3,1195.66,60.05,60.05
90,356.00,32.34656608,109.65716808,32.36208108,109.63884410,32.34656608,109.65716808,0.6733,2439.64,1,10,split_finetuned_disk,16,1,4,1185.21,31.35,31.35
91,359.00,32.35236373,109.64463516,32.34656608,109.65716808,32.34656608,109.65716808,0.6033,1343.65,1,37,split_finetuned_disk,13,1,-1,460.97,310.00,310.00
92,-1854.00,32.35410670,109.63560657,32.34656608,109.65716808,32.34656608,109.65716808,0.5567,2194.38,1,44,split_finetuned_disk,11,1,-1,2943.57,1234.44,1234.44
93,-1853.00,32.36208108,109.63884410,32.34656608,109.65716808,32.34656608,109.65716808,0.5800,2439.64,1,101,split_finetuned_disk,12,1,-1,3347.31,1788.01,1788.01
94,-1851.00,32.34656608,109.65716808,32.34656608,109.65716808,32.34656608,109.65716808,0.6733,0.00,0,10,split_finetuned_disk,16,1,-1,962.95,962.95,962.95
95,-1242.00,32.34656608,109.65716808,32.34656608,109.65716808,32.34656608,109.65716808,0.6733,0.00,0,10,split_finetuned_disk,16,1,-1,962.95,962.95,962.95
96,-1240.00,32.35247104,109.64807597,32.34656608,109.65716808,32.34656608,109.65716808,0.6500,1078.44,1,39,split_finetuned_disk,15,1,-1,1910.19,1523.62,1523.62
97,-1237.00,32.35269640,109.65738405,32.34656608,109.65716808,32.34656608,109.65716808,0.5567,682.73,1,43,split_finetuned_disk,11,1,-1,1523.62,1523.62,1523.62
98,-1002.00,32.36096052,109.65692671,32.34656608,109.65716808,32.34656608,109.65716808,0.5800,1602.55,1,98,split_finetuned_disk,12,1,-1,1182.32,241.68,241.68
99,-999.00,32.36274641,109.64168247,32.34656608,109.65716808,32.34656608,109.65716808,0.6033,2316.17,1,102,split_finetuned_disk,13,1,-1,1891.26,477.83,477.83
100,-995.00,32.35671268,109.64945336,32.34656608,109.65716808,32.34656608,109.65716808,0.5567,1342.41,1,73,split_finetuned_disk,11,1,-1,806.92,267.30,267.30
101,-992.00,32.36096052,109.65692671,32.34656608,109.65716808,32.34656608,109.65716808,0.5800,1602.55,1,98,split_finetuned_disk,12,1,-1,1012.50,265.44,265.44
102,-989.00,32.35336173,109.65152947,32.34656608,109.65716808,32.34656608,109.65716808,0.5100,923.80,1,41,split_finetuned_disk,9,1,-1,270.49,270.49,270.49
103,-985.00,32.36274641,109.64168247,32.34656608,109.65716808,32.34656608,109.65716808,0.6033,2316.17,1,102,split_finetuned_disk,13,1,-1,1671.57,280.97,280.97
104,-982.00,32.36274641,109.64168247,32.34656608,109.65716808,32.34656608,109.65716808,0.6033,2316.17,1,102,split_finetuned_disk,13,1,-1,1628.72,1253.81,1253.81
105,-979.00,32.36835090,109.64488924,32.34656608,109.65716808,32.36835090,109.64488924,0.5800,2685.92,1,136,split_finetuned_disk,12,1,7,1897.15,137.94,137.94
106,-975.00,32.35247104,109.64807597,32.36835090,109.64488924,32.36835090,109.64488924,0.6500,1792.96,1,39,split_finetuned_disk,15,1,-1,638.93,381.19,381.19
107,-972.00,32.36274641,109.64168247,32.36835090,109.64488924,32.36835090,109.64488924,0.6033,692.94,1,102,split_finetuned_disk,13,1,-1,1452.25,222.30,222.30
108,-969.00,32.36835090,109.64488924,32.36835090,109.64488924,32.36835090,109.64488924,0.5800,0.00,0,136,split_finetuned_disk,12,1,-1,1706.26,644.66,644.66
109,-965.00,32.35247104,109.64807597,32.36835090,109.64488924,32.36835090,109.64488924,0.6500,1792.96,1,39,split_finetuned_disk,15,1,-1,736.08,314.78,314.78
110,-962.00,32.36274641,109.64168247,32.36835090,109.64488924,32.36835090,109.64488924,0.6033,692.94,1,102,split_finetuned_disk,13,1,-1,1354.61,362.73,362.73
111,-959.00,32.36274641,109.64168247,32.36835090,109.64488924,32.36835090,109.64488924,0.6033,692.94,1,102,split_finetuned_disk,13,1,-1,1327.53,600.34,600.34
112,-955.00,32.36274641,109.64168247,32.36835090,109.64488924,32.36835090,109.64488924,0.6033,692.94,1,102,split_finetuned_disk,13,1,-1,1218.37,490.16,490.16
113,-952.00,32.37209438,109.63516192,32.36835090,109.64488924,32.36835090,109.64488924,0.5100,1005.14,1,154,split_finetuned_disk,9,1,-1,2259.13,560.16,560.16
114,-948.00,32.36274641,109.64168247,32.36835090,109.64488924,32.36835090,109.64488924,0.6033,692.94,1,102,split_finetuned_disk,13,1,-1,1166.23,651.15,651.15
115,-945.00,32.36274641,109.64168247,32.36835090,109.64488924,32.36835090,109.64488924,0.6033,692.94,1,102,split_finetuned_disk,13,1,-1,1146.07,595.92,595.92
116,-942.00,32.36274641,109.64168247,32.36835090,109.64488924,32.36835090,109.64488924,0.6033,692.94,1,102,split_finetuned_disk,13,1,-1,1128.30,349.83,349.83
117,-938.00,32.36274641,109.64168247,32.36835090,109.64488924,32.36835090,109.64488924,0.6033,692.94,1,102,split_finetuned_disk,13,1,-1,1022.29,479.84,479.84
118,-935.00,32.36274641,109.64168247,32.36835090,109.64488924,32.36274641,109.64168247,0.6033,692.94,1,102,split_finetuned_disk,13,1,-1,1008.49,424.22,424.22
119,-931.00,32.36274641,109.64168247,32.36274641,109.64168247,32.36274641,109.64168247,0.6033,0.00,0,102,split_finetuned_disk,13,1,-1,995.79,357.49,357.49
120,-928.00,32.37209438,109.63516192,32.36274641,109.64168247,32.36274641,109.64168247,0.5100,1207.82,1,154,split_finetuned_disk,9,1,-1,1928.75,371.24,371.24
121,-924.00,32.36274641,109.64168247,32.36274641,109.64168247,32.36274641,109.64168247,0.6033,0.00,0,102,split_finetuned_disk,13,1,-1,984.39,482.00,482.00
122,-920.00,32.36274641,109.64168247,32.36274641,109.64168247,32.36274641,109.64168247,0.6033,0.00,0,102,split_finetuned_disk,13,1,-1,983.37,264.11,264.11
123,-916.00,32.36274641,109.64168247,32.36274641,109.64168247,32.36274641,109.64168247,0.6033,0.00,0,102,split_finetuned_disk,13,1,-1,891.70,161.41,161.41
124,-913.00,32.36274641,109.64168247,32.36274641,109.64168247,32.36274641,109.64168247,0.6033,0.00,0,102,split_finetuned_disk,13,1,4,899.08,129.76,129.76
125,-909.00,32.36208108,109.63884410,32.36274641,109.64168247,32.36274641,109.64168247,0.5800,276.98,1,101,split_finetuned_disk,12,1,-1,1105.39,421.57,421.57
126,-905.00,32.34866318,109.63638687,32.36274641,109.64168247,32.36274641,109.64168247,0.6033,1644.93,1,12,split_finetuned_disk,13,1,-1,2249.73,367.37,367.37
127,-902.00,32.36208108,109.63884410,32.36274641,109.64168247,32.36274641,109.64168247,0.5800,276.98,1,101,split_finetuned_disk,12,1,2,1129.66,134.58,134.58
128,-898.00,32.36208108,109.63884410,32.36274641,109.64168247,32.36274641,109.64168247,0.5800,276.98,1,101,split_finetuned_disk,12,1,2,1145.67,100.00,100.00
129,-894.00,32.36208108,109.63884410,32.36274641,109.64168247,32.36274641,109.64168247,0.5800,276.98,1,101,split_finetuned_disk,12,1,2,1080.93,22.27,22.27
130,-890.00,32.36208108,109.63884410,32.36274641,109.64168247,32.36274641,109.64168247,0.5800,276.98,1,101,split_finetuned_disk,12,1,2,1103.84,77.57,77.57
131,-886.00,32.36208108,109.63884410,32.36274641,109.64168247,32.36274641,109.64168247,0.5800,276.98,1,101,split_finetuned_disk,12,1,2,1129.03,67.09,67.09
132,-882.00,32.36208108,109.63884410,32.36274641,109.64168247,32.36274641,109.64168247,0.5800,276.98,1,101,split_finetuned_disk,12,1,10,1156.35,12.22,12.22
133,-879.00,32.36208108,109.63884410,32.36274641,109.64168247,32.36274641,109.64168247,0.5800,276.98,1,101,split_finetuned_disk,12,1,-1,1185.66,155.67,155.67
134,-875.00,32.36208108,109.63884410,32.36274641,109.64168247,32.36208108,109.63884410,0.5800,276.98,1,101,split_finetuned_disk,12,1,9,1148.04,132.83,132.83
135,-871.00,32.35392427,109.64739730,32.36208108,109.63884410,32.36208108,109.63884410,0.5333,1212.99,1,49,split_finetuned_disk,10,1,-1,1792.35,380.91,380.91
136,-868.00,32.36274641,109.64168247,32.36208108,109.63884410,32.36208108,109.63884410,0.6033,276.98,1,102,split_finetuned_disk,13,1,10,1080.85,101.31,101.31
137,-864.00,32.36274641,109.64168247,32.36208108,109.63884410,32.36208108,109.63884410,0.6033,276.98,1,102,split_finetuned_disk,13,1,9,1123.79,125.97,125.97
138,-861.00,32.36274641,109.64168247,32.36208108,109.63884410,32.36208108,109.63884410,0.6033,276.98,1,102,split_finetuned_disk,13,1,-1,1167.80,505.57,505.57
139,-857.00,32.36208108,109.63884410,32.36208108,109.63884410,32.36208108,109.63884410,0.5800,0.00,0,101,split_finetuned_disk,12,1,-1,1346.65,359.89,359.89
140,-854.00,32.36208108,109.63884410,32.36208108,109.63884410,32.36208108,109.63884410,0.5800,0.00,0,101,split_finetuned_disk,12,1,-1,1329.40,320.71,320.71
141,-800.00,32.36208108,109.63884410,32.36208108,109.63884410,32.36208108,109.63884410,0.5800,0.00,0,101,split_finetuned_disk,12,1,-1,1246.96,685.76,685.76
142,-798.00,32.36614650,109.64979637,32.36208108,109.63884410,32.36208108,109.63884410,0.5567,1124.92,1,128,split_finetuned_disk,11,1,9,635.63,92.82,92.82
143,-796.00,32.36274641,109.64168247,32.36208108,109.63884410,32.36208108,109.63884410,0.6033,276.98,1,102,split_finetuned_disk,13,1,-1,1046.08,586.50,586.50
144,-793.00,32.36614650,109.64979637,32.36208108,109.63884410,32.36208108,109.63884410,0.5567,1124.92,1,128,split_finetuned_disk,11,1,-1,538.64,168.24,168.24
145,-791.00,32.36274641,109.64168247,32.36208108,109.63884410,32.36208108,109.63884410,0.6033,276.98,1,102,split_finetuned_disk,13,1,-1,950.65,217.81,217.81
146,-788.00,32.36274641,109.64168247,32.36208108,109.63884410,32.36208108,109.63884410,0.6033,276.98,1,102,split_finetuned_disk,13,1,-1,960.78,255.51,255.51
147,-786.00,32.36274641,109.64168247,32.36208108,109.63884410,32.36208108,109.63884410,0.6033,276.98,1,102,split_finetuned_disk,13,1,-1,909.99,322.28,322.28
148,-783.00,32.36274641,109.64168247,32.36208108,109.63884410,32.36208108,109.63884410,0.6033,276.98,1,102,split_finetuned_disk,13,1,-1,869.33,377.93,377.93
149,-781.00,32.36208108,109.63884410,32.36208108,109.63884410,32.36208108,109.63884410,0.5800,0.00,0,101,split_finetuned_disk,12,1,-1,986.13,433.58,433.58
150,-779.00,32.36274641,109.64168247,32.36208108,109.63884410,32.36208108,109.63884410,0.6033,276.98,1,102,split_finetuned_disk,13,1,-1,793.48,222.39,222.39
151,-776.00,32.36274641,109.64168247,32.36208108,109.63884410,32.36208108,109.63884410,0.6033,276.98,1,102,split_finetuned_disk,13,1,-1,758.85,468.41,468.41
152,-774.00,32.36274641,109.64168247,32.36208108,109.63884410,32.36208108,109.63884410,0.6033,276.98,1,102,split_finetuned_disk,13,1,3,801.59,101.89,101.89
153,-772.00,32.35247104,109.64807597,32.36208108,109.63884410,32.36208108,109.63884410,0.6500,1377.69,1,39,split_finetuned_disk,15,1,-1,1536.04,674.93,674.93
154,-769.00,32.36274641,109.64168247,32.36208108,109.63884410,32.36208108,109.63884410,0.6033,276.98,1,102,split_finetuned_disk,13,1,7,753.97,127.21,127.21
155,-767.00,32.35053492,109.65217738,32.36208108,109.63884410,32.36208108,109.63884410,0.4867,1795.54,1,30,split_finetuned_disk,8,1,-1,1648.68,936.93,936.93
156,-764.00,32.36274641,109.64168247,32.36208108,109.63884410,32.36208108,109.63884410,0.6033,276.98,1,102,split_finetuned_disk,13,1,-1,720.54,255.21,255.21
157,-762.00,32.36274641,109.64168247,32.36208108,109.63884410,32.36208108,109.63884410,0.6033,276.98,1,102,split_finetuned_disk,13,1,-1,801.39,228.33,228.33
158,-759.00,32.36274641,109.64168247,32.36208108,109.63884410,32.36208108,109.63884410,0.6033,276.98,1,102,split_finetuned_disk,13,1,-1,796.43,257.84,257.84
159,-757.00,32.36274641,109.64168247,32.36208108,109.63884410,32.36274641,109.64168247,0.6033,276.98,1,102,split_finetuned_disk,13,1,-1,795.35,295.01,295.01
160,-754.00,32.36274641,109.64168247,32.36274641,109.64168247,32.36274641,109.64168247,0.6033,0.00,0,102,split_finetuned_disk,13,1,-1,798.16,618.97,618.97
161,-752.00,32.36096052,109.65692671,32.36274641,109.64168247,32.36274641,109.64168247,0.5800,1447.17,1,98,split_finetuned_disk,12,1,-1,609.54,383.02,383.02
162,-749.00,32.35247104,109.64807597,32.36274641,109.64168247,32.36274641,109.64168247,0.6500,1292.22,1,39,split_finetuned_disk,15,1,-1,1028.21,440.92,440.92
163,-747.00,32.36274641,109.64168247,32.36274641,109.64168247,32.36274641,109.64168247,0.6033,0.00,0,102,split_finetuned_disk,13,1,-1,922.73,706.25,706.25
164,-745.00,32.36096052,109.65692671,32.36274641,109.64168247,32.36274641,109.64168247,0.5800,1447.17,1,98,split_finetuned_disk,12,1,-1,520.76,520.76,520.76
165,-742.00,32.36835090,109.64488924,32.36274641,109.64168247,32.36274641,109.64168247,0.5800,692.94,1,136,split_finetuned_disk,12,1,-1,1179.78,394.16,394.16
166,-740.00,32.36096052,109.65692671,32.36274641,109.64168247,32.36274641,109.64168247,0.5800,1447.17,1,98,split_finetuned_disk,12,1,-1,553.40,496.19,496.19
167,-738.00,32.36096052,109.65692671,32.36274641,109.64168247,32.36274641,109.64168247,0.5800,1447.17,1,98,split_finetuned_disk,12,1,-1,582.40,446.08,446.08
168,-736.00,32.36208108,109.63884410,32.36274641,109.64168247,32.36274641,109.64168247,0.5800,276.98,1,101,split_finetuned_disk,12,1,-1,1298.89,640.45,640.45
169,-733.00,32.36208108,109.63884410,32.36274641,109.64168247,32.36274641,109.64168247,0.5800,276.98,1,101,split_finetuned_disk,12,1,-1,1322.81,783.37,783.37
170,-731.00,32.36274641,109.64168247,32.36274641,109.64168247,32.36274641,109.64168247,0.6033,0.00,0,102,split_finetuned_disk,13,1,-1,1177.04,821.31,821.31
171,-729.00,32.36096052,109.65692671,32.36274641,109.64168247,32.36274641,109.64168247,0.5800,1447.17,1,98,split_finetuned_disk,12,1,-1,652.84,297.90,297.90
172,-727.00,32.36274641,109.64168247,32.36274641,109.64168247,32.36274641,109.64168247,0.6033,0.00,0,102,split_finetuned_disk,13,1,-1,1248.53,231.24,231.24
173,-724.00,32.36274641,109.64168247,32.36274641,109.64168247,32.36274641,109.64168247,0.6033,0.00,0,102,split_finetuned_disk,13,1,-1,1283.58,175.77,175.77
174,-722.00,32.35247104,109.64807597,32.36274641,109.64168247,32.36274641,109.64168247,0.6500,1292.22,1,39,split_finetuned_disk,15,1,-1,574.31,422.95,422.95
175,-720.00,32.34778322,109.64421593,32.36274641,109.64168247,32.36274641,109.64168247,0.5567,1682.65,1,15,split_finetuned_disk,11,1,-1,1100.09,382.67,382.67
176,-717.00,32.35247104,109.64807597,32.36274641,109.64168247,32.36274641,109.64168247,0.6500,1292.22,1,39,split_finetuned_disk,15,1,-1,520.70,520.16,520.16
177,-715.00,32.34866318,109.63638687,32.36274641,109.64168247,32.36274641,109.64168247,0.6033,1644.93,1,12,split_finetuned_disk,13,1,-1,1573.36,862.27,862.27
178,-712.00,32.35247104,109.64807597,32.36274641,109.64168247,32.36274641,109.64168247,0.6500,1292.22,1,39,split_finetuned_disk,15,1,-1,484.96,484.96,484.96
179,-710.00,32.35247104,109.64807597,32.36274641,109.64168247,32.36274641,109.64168247,0.6500,1292.22,1,39,split_finetuned_disk,15,1,3,478.29,82.92,82.92
180,-707.00,32.35336173,109.65152947,32.36274641,109.64168247,32.36274641,109.64168247,0.5100,1395.98,1,41,split_finetuned_disk,9,1,9,173.31,38.51,38.51
181,-705.00,32.35336173,109.65152947,32.36274641,109.64168247,32.36274641,109.64168247,0.5100,1395.98,1,41,split_finetuned_disk,9,1,8,189.75,86.32,86.32
182,-703.00,32.35247104,109.64807597,32.36274641,109.64168247,32.36274641,109.64168247,0.6500,1292.22,1,39,split_finetuned_disk,15,1,-1,590.30,150.96,150.96
183,-700.00,32.36274641,109.64168247,32.36274641,109.64168247,32.36274641,109.64168247,0.6033,0.00,0,102,split_finetuned_disk,13,1,-1,1828.40,266.35,266.35
184,-625.00,32.35247104,109.64807597,32.36274641,109.64168247,32.36274641,109.64168247,0.6500,1292.22,1,39,split_finetuned_disk,15,1,3,392.75,87.16,87.16
185,-621.00,32.35247104,109.64807597,32.36274641,109.64168247,32.36274641,109.64168247,0.6500,1292.22,1,39,split_finetuned_disk,15,1,8,321.91,106.91,106.91
186,-618.00,32.35247104,109.64807597,32.36274641,109.64168247,32.36274641,109.64168247,0.6500,1292.22,1,39,split_finetuned_disk,15,1,5,349.92,89.34,89.34
187,-614.00,32.36274641,109.64168247,32.36274641,109.64168247,32.36274641,109.64168247,0.6033,0.00,0,102,split_finetuned_disk,13,1,8,1299.44,122.54,122.54
188,-611.00,32.36415671,109.64516138,32.36274641,109.64168247,32.36274641,109.64168247,0.5567,362.85,1,115,split_finetuned_disk,11,1,-1,1186.29,162.77,162.77
189,-607.00,32.36835090,109.64488924,32.36274641,109.64168247,32.36274641,109.64168247,0.5800,692.94,1,136,split_finetuned_disk,12,1,8,1582.97,113.50,113.50
190,-603.00,32.36096052,109.65692671,32.36274641,109.64168247,32.36274641,109.64168247,0.5800,1447.17,1,98,split_finetuned_disk,12,1,-1,830.60,169.43,169.43
191,-600.00,32.35247104,109.64807597,32.36274641,109.64168247,32.36274641,109.64168247,0.6500,1292.22,1,39,split_finetuned_disk,15,1,-1,524.03,286.34,286.34
192,-596.00,32.36096052,109.65692671,32.36274641,109.64168247,32.36274641,109.64168247,0.5800,1447.17,1,98,split_finetuned_disk,12,1,-1,758.63,341.99,341.99
193,-593.00,32.36490789,109.65643125,32.36274641,109.64168247,32.36274641,109.64168247,0.5333,1407.58,1,120,split_finetuned_disk,10,1,-1,995.89,817.93,817.93
194,-590.00,32.35247104,109.64807597,32.36274641,109.64168247,32.36274641,109.64168247,0.6500,1292.22,1,39,split_finetuned_disk,15,1,-1,692.51,598.73,598.73
195,-586.00,32.35247104,109.64807597,32.36274641,109.64168247,32.36274641,109.64168247,0.6500,1292.22,1,39,split_finetuned_disk,15,1,-1,746.07,555.51,555.51
196,-583.00,32.36274641,109.64168247,32.36274641,109.64168247,32.36274641,109.64168247,0.6033,0.00,0,102,split_finetuned_disk,13,1,-1,819.59,499.37,499.37
197,-579.00,32.36274641,109.64168247,32.36274641,109.64168247,32.36274641,109.64168247,0.6033,0.00,0,102,split_finetuned_disk,13,1,-1,792.21,502.21,502.21
198,-576.00,32.36274641,109.64168247,32.36274641,109.64168247,32.36274641,109.64168247,0.6033,0.00,0,102,split_finetuned_disk,13,1,-1,763.42,510.75,510.75
199,-573.00,32.35247104,109.64807597,32.36274641,109.64168247,32.36274641,109.64168247,0.6500,1292.22,1,39,split_finetuned_disk,15,1,-1,959.20,524.30,524.30
200,-569.00,32.35247104,109.64807597,32.36274641,109.64168247,32.36274641,109.64168247,0.6500,1292.22,1,39,split_finetuned_disk,15,1,-1,1014.56,543.25,543.25
201,-566.00,32.35247104,109.64807597,32.36274641,109.64168247,32.36274641,109.64168247,0.6500,1292.22,1,39,split_finetuned_disk,15,1,-1,1069.96,450.39,450.39
202,-562.00,32.36835090,109.64488924,32.36274641,109.64168247,32.36274641,109.64168247,0.5800,692.94,1,136,split_finetuned_disk,12,1,10,791.89,121.04,121.04
203,-559.00,32.36096052,109.65692671,32.36274641,109.64168247,32.36274641,109.64168247,0.5800,1447.17,1,98,split_finetuned_disk,12,1,-1,814.70,187.75,187.75
204,-555.00,32.36274641,109.64168247,32.36274641,109.64168247,32.36274641,109.64168247,0.6033,0.00,0,102,split_finetuned_disk,13,1,-1,608.73,356.80,356.80
205,-552.00,32.36274641,109.64168247,32.36274641,109.64168247,32.36274641,109.64168247,0.6033,0.00,0,102,split_finetuned_disk,13,1,-1,615.20,357.51,357.51
206,-549.00,32.36274641,109.64168247,32.36274641,109.64168247,32.36274641,109.64168247,0.6033,0.00,0,102,split_finetuned_disk,13,1,9,626.56,45.97,45.97
207,-545.00,32.36835090,109.64488924,32.36274641,109.64168247,32.36274641,109.64168247,0.5800,692.94,1,136,split_finetuned_disk,12,1,3,499.97,87.44,87.44
208,-542.00,32.36415671,109.64516138,32.36274641,109.64168247,32.36274641,109.64168247,0.5567,362.85,1,115,split_finetuned_disk,11,1,1,136.90,116.09,116.09
209,-539.00,32.36096052,109.65692671,32.36274641,109.64168247,32.36274641,109.64168247,0.5800,1447.17,1,98,split_finetuned_disk,12,1,4,1034.53,109.86,109.86
210,-535.00,32.36274641,109.64168247,32.36274641,109.64168247,32.36274641,109.64168247,0.6033,0.00,0,102,split_finetuned_disk,13,1,-1,643.55,287.08,287.08
211,-532.00,32.36208108,109.63884410,32.36274641,109.64168247,32.36274641,109.64168247,0.5800,276.98,1,101,split_finetuned_disk,12,1,-1,840.09,290.20,290.20
212,-528.00,32.36045616,109.63441238,32.36274641,109.64168247,32.36274641,109.64168247,0.5567,729.62,1,88,split_finetuned_disk,11,1,-1,1314.79,433.89,433.89
213,-524.00,32.36208108,109.63884410,32.36274641,109.64168247,32.36274641,109.64168247,0.5800,276.98,1,101,split_finetuned_disk,12,1,-1,839.18,446.76,446.76
214,-520.00,32.36208108,109.63884410,32.36274641,109.64168247,32.36274641,109.64168247,0.5800,276.98,1,101,split_finetuned_disk,12,1,-1,877.71,381.52,381.52
215,-517.00,32.36274641,109.64168247,32.36274641,109.64168247,32.36274641,109.64168247,0.6033,0.00,0,102,split_finetuned_disk,13,1,-1,796.92,322.77,322.77
216,-514.00,32.36614650,109.64979637,32.36274641,109.64168247,32.36274641,109.64168247,0.5567,851.69,1,128,split_finetuned_disk,11,1,5,506.22,69.24,69.24
217,-510.00,32.36208108,109.63884410,32.36274641,109.64168247,32.36274641,109.64168247,0.5800,276.98,1,101,split_finetuned_disk,12,1,-1,1003.01,544.50,544.50
218,-506.00,32.36208108,109.63884410,32.36274641,109.64168247,32.36274641,109.64168247,0.5800,276.98,1,101,split_finetuned_disk,12,1,-1,1056.36,231.25,231.25
219,-502.00,32.36208108,109.63884410,32.36274641,109.64168247,32.36274641,109.64168247,0.5800,276.98,1,101,split_finetuned_disk,12,1,-1,1051.99,487.83,487.83
220,-499.00,32.36208108,109.63884410,32.36274641,109.64168247,32.36274641,109.64168247,0.5800,276.98,1,101,split_finetuned_disk,12,1,-1,1100.57,503.49,503.49
221,-446.00,32.36208108,109.63884410,32.36274641,109.64168247,32.36274641,109.64168247,0.5800,276.98,1,101,split_finetuned_disk,12,1,-1,1003.27,678.63,678.63
222,-443.00,32.36208108,109.63884410,32.36274641,109.64168247,32.36274641,109.64168247,0.5800,276.98,1,101,split_finetuned_disk,12,1,-1,978.27,574.28,574.28
223,-441.00,32.36208108,109.63884410,32.36274641,109.64168247,32.36274641,109.64168247,0.5800,276.98,1,101,split_finetuned_disk,12,1,-1,928.62,409.41,409.41
224,-439.00,32.35247104,109.64807597,32.36274641,109.64168247,32.36274641,109.64168247,0.6500,1292.22,1,39,split_finetuned_disk,15,1,-1,2001.16,569.90,569.90
225,-436.00,32.35269640,109.65738405,32.36274641,109.64168247,32.35269640,109.65738405,0.5567,1852.45,1,43,split_finetuned_disk,11,1,-1,2240.33,190.86,190.86
226,-434.00,32.36274641,109.64168247,32.35269640,109.65738405,32.35269640,109.65738405,0.6033,1852.45,1,102,split_finetuned_disk,13,1,-1,695.06,222.28,222.28
227,-432.00,32.36096052,109.65692671,32.35269640,109.65738405,32.35269640,109.65738405,0.5800,920.97,1,98,split_finetuned_disk,12,1,2,1333.24,125.60,125.60
228,-429.00,32.36274641,109.64168247,32.35269640,109.65738405,32.35269640,109.65738405,0.6033,1852.45,1,102,split_finetuned_disk,13,1,-1,624.39,472.89,472.89
229,-427.00,32.36096052,109.65692671,32.35269640,109.65738405,32.35269640,109.65738405,0.5800,920.97,1,98,split_finetuned_disk,12,1,-1,1270.56,175.14,175.14
230,-424.00,32.36096052,109.65692671,32.35269640,109.65738405,32.35269640,109.65738405,0.5800,920.97,1,98,split_finetuned_disk,12,1,2,1241.78,78.00,78.00
231,-422.00,32.36274641,109.64168247,32.35269640,109.65738405,32.35269640,109.65738405,0.6033,1852.45,1,102,split_finetuned_disk,13,1,-1,489.61,386.88,386.88
232,-419.00,32.35247104,109.64807597,32.35269640,109.65738405,32.35269640,109.65738405,0.6500,875.62,1,39,split_finetuned_disk,15,1,2,1524.30,124.39,124.39
233,-417.00,32.36622162,109.63555575,32.35269640,109.65738405,32.35269640,109.65738405,0.5333,2545.57,1,121,split_finetuned_disk,10,1,-1,1031.05,679.93,679.93
234,-414.00,32.36415671,109.64516138,32.35269640,109.65738405,32.35269640,109.65738405,0.5567,1717.12,1,115,split_finetuned_disk,11,1,1,22.59,22.59,22.59
235,-412.00,32.36835090,109.64488924,32.35269640,109.65738405,32.36835090,109.64488924,0.5800,2101.73,1,136,split_finetuned_disk,12,1,2,516.46,70.32,70.32
236,-410.00,32.35247104,109.64807597,32.36835090,109.64488924,32.36835090,109.64488924,0.6500,1792.96,1,39,split_finetuned_disk,15,1,-1,1289.42,370.48,370.48
237,-407.00,32.36208108,109.63884410,32.36835090,109.64488924,32.36835090,109.64488924,0.5800,900.15,1,101,split_finetuned_disk,12,1,-1,619.21,448.01,448.01
238,-405.00,32.36540605,109.64770220,32.36835090,109.64488924,32.36835090,109.64488924,0.5333,421.23,1,126,split_finetuned_disk,10,1,4,446.19,49.62,49.62
239,-402.00,32.35247104,109.64807597,32.36835090,109.64488924,32.36835090,109.64488924,0.6500,1792.96,1,39,split_finetuned_disk,15,1,9,1101.98,131.36,131.36
240,-400.00,32.35247104,109.64807597,32.36835090,109.64488924,32.36835090,109.64488924,0.6500,1792.96,1,39,split_finetuned_disk,15,1,-1,1046.51,839.50,839.50
241,-397.00,32.36096052,109.65692671,32.36835090,109.64488924,32.36835090,109.64488924,0.5800,1399.30,1,98,split_finetuned_disk,12,1,9,886.93,87.77,87.77
242,-395.00,32.35811225,109.63490784,32.36835090,109.64488924,32.36835090,109.64488924,0.5800,1476.48,1,77,split_finetuned_disk,12,1,-1,1119.66,967.75,967.75
243,-392.00,32.35247104,109.64807597,32.36835090,109.64488924,32.36835090,109.64488924,0.6500,1792.96,1,39,split_finetuned_disk,15,1,-1,869.13,716.10,716.10
244,-390.00,32.35247104,109.64807597,32.36835090,109.64488924,32.36835090,109.64488924,0.6500,1792.96,1,39,split_finetuned_disk,15,1,-1,809.16,638.91,638.91
245,-387.00,32.36415671,109.64516138,32.36835090,109.64488924,32.36415671,109.64516138,0.5567,467.60,1,115,split_finetuned_disk,11,1,10,678.92,47.09,47.09
246,-385.00,32.35339844,109.63841217,32.36415671,109.64516138,32.36415671,109.64516138,0.5333,1355.38,1,46,split_finetuned_disk,10,1,-1,948.35,533.84,533.84
247,-383.00,32.36045616,109.63441238,32.36415671,109.64516138,32.36415671,109.64516138,0.5567,1091.47,1,88,split_finetuned_disk,11,1,-1,1262.32,698.26,698.26
248,-380.00,32.36825432,109.64489460,32.36415671,109.64516138,32.36415671,109.64516138,0.5100,456.84,1,137,split_finetuned_disk,9,1,-1,1242.05,375.42,375.42
249,-378.00,32.36096052,109.65692671,32.36415671,109.64516138,32.36415671,109.64516138,0.5800,1162.13,1,98,split_finetuned_disk,12,1,-1,926.95,373.33,373.33
250,-376.00,32.36835090,109.64488924,32.36415671,109.64516138,32.36415671,109.64516138,0.5800,467.60,1,136,split_finetuned_disk,12,1,-1,1426.90,281.90,281.90
251,-374.00,32.35247104,109.64807597,32.36415671,109.64516138,32.36415671,109.64516138,0.6500,1329.41,1,39,split_finetuned_disk,15,1,-1,420.73,230.60,230.60
252,-371.00,32.35247104,109.64807597,32.36415671,109.64516138,32.36415671,109.64516138,0.6500,1329.41,1,39,split_finetuned_disk,15,1,-1,356.26,174.04,174.04
253,-369.00,32.35247104,109.64807597,32.36415671,109.64516138,32.36415671,109.64516138,0.6500,1329.41,1,39,split_finetuned_disk,15,1,7,303.31,130.92,130.92
254,-367.00,32.36208108,109.63884410,32.36415671,109.64516138,32.36415671,109.64516138,0.5800,637.38,1,101,split_finetuned_disk,12,1,-1,1323.86,525.22,525.22
255,-364.00,32.36208108,109.63884410,32.36415671,109.64516138,32.36208108,109.63884410,0.5800,637.38,1,101,split_finetuned_disk,12,1,-1,1365.15,200.60,200.60
256,-362.00,32.35247104,109.64807597,32.36208108,109.63884410,32.36208108,109.63884410,0.6500,1377.69,1,39,split_finetuned_disk,15,1,10,228.63,119.04,119.04
257,-359.00,32.35247104,109.64807597,32.36208108,109.63884410,32.36208108,109.63884410,0.6500,1377.69,1,39,split_finetuned_disk,15,1,10,202.10,52.36,52.36
258,-357.00,32.35236373,109.64463516,32.36208108,109.63884410,32.36208108,109.63884410,0.6033,1211.07,1,37,split_finetuned_disk,13,1,8,595.27,5.90,5.90
259,-354.00,32.35247104,109.64807597,32.36208108,109.63884410,32.36208108,109.63884410,0.6500,1377.69,1,39,split_finetuned_disk,15,1,-1,204.02,204.02,204.02
260,-352.00,32.36208108,109.63884410,32.36208108,109.63884410,32.36208108,109.63884410,0.5800,0.00,0,101,split_finetuned_disk,12,1,5,1649.03,114.93,114.93
261,-349.00,32.34656608,109.65716808,32.36208108,109.63884410,32.36208108,109.63884410,0.6733,2439.64,1,10,split_finetuned_disk,16,1,5,667.31,94.04,94.04
262,-347.00,32.34656608,109.65716808,32.36208108,109.63884410,32.36208108,109.63884410,0.6733,2439.64,1,10,split_finetuned_disk,16,1,5,626.41,96.76,96.76
263,-345.00,32.35247104,109.64807597,32.36208108,109.63884410,32.36208108,109.63884410,0.6500,1377.69,1,39,split_finetuned_disk,15,1,4,411.71,128.88,128.88
264,-293.00,32.36208108,109.63884410,32.36208108,109.63884410,32.36208108,109.63884410,0.5800,0.00,0,101,split_finetuned_disk,12,1,-1,1791.75,335.88,335.88
265,-289.00,32.36208108,109.63884410,32.36208108,109.63884410,32.36208108,109.63884410,0.5800,0.00,0,101,split_finetuned_disk,12,1,-1,1743.87,315.24,315.24
266,-286.00,32.36208108,109.63884410,32.36208108,109.63884410,32.36208108,109.63884410,0.5800,0.00,0,101,split_finetuned_disk,12,1,-1,1696.46,303.52,303.52
267,-282.00,32.36208108,109.63884410,32.36208108,109.63884410,32.36208108,109.63884410,0.5800,0.00,0,101,split_finetuned_disk,12,1,-1,1649.57,301.78,301.78
268,-279.00,32.36208108,109.63884410,32.36208108,109.63884410,32.36208108,109.63884410,0.5800,0.00,0,101,split_finetuned_disk,12,1,-1,1603.24,310.19,310.19
269,-275.00,32.36208108,109.63884410,32.36208108,109.63884410,32.36208108,109.63884410,0.5800,0.00,0,101,split_finetuned_disk,12,1,-1,1495.68,250.52,250.52
270,-272.00,32.36274641,109.64168247,32.36208108,109.63884410,32.36208108,109.63884410,0.6033,276.98,1,102,split_finetuned_disk,13,1,-1,1348.01,1172.91,1172.91
271,-269.00,32.36274641,109.64168247,32.36208108,109.63884410,32.36208108,109.63884410,0.6033,276.98,1,102,split_finetuned_disk,13,1,-1,1298.55,1125.66,1125.66
272,-265.00,32.36274641,109.64168247,32.36208108,109.63884410,32.36208108,109.63884410,0.6033,276.98,1,102,split_finetuned_disk,13,1,7,1249.63,92.47,92.47
273,-262.00,32.36274641,109.64168247,32.36208108,109.63884410,32.36208108,109.63884410,0.6033,276.98,1,102,split_finetuned_disk,13,1,-1,1201.28,755.63,755.63
274,-258.00,32.36495082,109.65152947,32.36208108,109.63884410,32.36208108,109.63884410,0.5100,1234.87,1,118,split_finetuned_disk,9,1,8,1233.93,31.10,31.10
275,-255.00,32.36614650,109.64979637,32.36208108,109.63884410,32.36208108,109.63884410,0.5567,1124.92,1,128,split_finetuned_disk,11,1,7,1345.02,122.16,122.16
276,-251.00,32.36274641,109.64168247,32.36208108,109.63884410,32.36208108,109.63884410,0.6033,276.98,1,102,split_finetuned_disk,13,1,-1,1000.11,166.09,166.09
277,-248.00,32.36274641,109.64168247,32.36208108,109.63884410,32.36208108,109.63884410,0.6033,276.98,1,102,split_finetuned_disk,13,1,5,952.76,113.19,113.19
278,-245.00,32.36274641,109.64168247,32.36208108,109.63884410,32.36208108,109.63884410,0.6033,276.98,1,102,split_finetuned_disk,13,1,-1,906.36,467.49,467.49
279,-242.00,32.36274641,109.64168247,32.36208108,109.63884410,32.36274641,109.64168247,0.6033,276.98,1,102,split_finetuned_disk,13,1,-1,852.14,420.29,420.29
280,-239.00,32.36274641,109.64168247,32.36274641,109.64168247,32.36274641,109.64168247,0.6033,0.00,0,102,split_finetuned_disk,13,1,-1,752.23,176.39,176.39
281,-235.00,32.36274641,109.64168247,32.36274641,109.64168247,32.36274641,109.64168247,0.6033,0.00,0,102,split_finetuned_disk,13,1,-1,706.69,276.72,276.72
282,-232.00,32.36274641,109.64168247,32.36274641,109.64168247,32.36274641,109.64168247,0.6033,0.00,0,102,split_finetuned_disk,13,1,-1,662.70,246.70,246.70
283,-229.00,32.36835090,109.64488924,32.36274641,109.64168247,32.36274641,109.64168247,0.5800,692.94,1,136,split_finetuned_disk,12,1,-1,1080.13,507.42,507.42
284,-226.00,32.36274641,109.64168247,32.36274641,109.64168247,32.36274641,109.64168247,0.6033,0.00,0,102,split_finetuned_disk,13,1,-1,573.11,219.32,219.32
285,-222.00,32.35247104,109.64807597,32.36274641,109.64168247,32.36274641,109.64168247,0.6500,1292.22,1,39,split_finetuned_disk,15,1,-1,883.50,228.50,228.50
286,-219.00,32.36274641,109.64168247,32.36274641,109.64168247,32.36274641,109.64168247,0.6033,0.00,0,102,split_finetuned_disk,13,1,-1,428.76,173.65,173.65
287,-216.00,32.36415671,109.64516138,32.36274641,109.64168247,32.36274641,109.64168247,0.5567,362.85,1,115,split_finetuned_disk,11,1,-1,430.46,275.94,275.94
288,-213.00,32.35247104,109.64807597,32.36274641,109.64168247,32.36274641,109.64168247,0.6500,1292.22,1,39,split_finetuned_disk,15,1,-1,1067.76,573.97,573.97
289,-210.00,32.35247104,109.64807597,32.36274641,109.64168247,32.36274641,109.64168247,0.6500,1292.22,1,39,split_finetuned_disk,15,1,-1,1132.43,161.06,161.06
290,-206.00,32.35247104,109.64807597,32.36274641,109.64168247,32.36274641,109.64168247,0.6500,1292.22,1,39,split_finetuned_disk,15,1,-1,1186.50,523.73,523.73
291,-203.00,32.36274641,109.64168247,32.36274641,109.64168247,32.36274641,109.64168247,0.6033,0.00,0,102,split_finetuned_disk,13,1,7,325.25,125.48,125.48
292,-199.00,32.36274641,109.64168247,32.36274641,109.64168247,32.36274641,109.64168247,0.6033,0.00,0,102,split_finetuned_disk,13,1,8,240.18,72.53,72.53
293,-196.00,32.36495082,109.65152947,32.36274641,109.64168247,32.36274641,109.64168247,0.5100,957.90,1,118,split_finetuned_disk,9,1,9,772.96,84.70,84.70
294,-193.00,32.36274641,109.64168247,32.36274641,109.64168247,32.36274641,109.64168247,0.6033,0.00,0,102,split_finetuned_disk,13,1,-1,297.88,190.54,190.54
295,-189.00,32.36274641,109.64168247,32.36274641,109.64168247,32.36274641,109.64168247,0.6033,0.00,0,102,split_finetuned_disk,13,1,-1,335.79,245.62,245.62
296,-186.00,32.36835090,109.64488924,32.36274641,109.64168247,32.36274641,109.64168247,0.5800,692.94,1,136,split_finetuned_disk,12,1,-1,302.29,195.96,195.96
297,-183.00,32.35247104,109.64807597,32.36274641,109.64168247,32.36274641,109.64168247,0.6500,1292.22,1,39,split_finetuned_disk,15,1,-1,1598.14,229.25,229.25
298,-180.00,32.35247104,109.64807597,32.36274641,109.64168247,32.36274641,109.64168247,0.6500,1292.22,1,39,split_finetuned_disk,15,1,-1,1675.85,199.57,199.57
299,-177.00,32.36096052,109.65692671,32.36274641,109.64168247,32.36274641,109.64168247,0.5800,1447.17,1,98,split_finetuned_disk,12,1,2,1433.17,137.81,137.81
300,-174.00,32.35247104,109.64807597,32.36274641,109.64168247,32.36274641,109.64168247,0.6500,1292.22,1,39,split_finetuned_disk,15,1,3,1793.85,91.89,91.89
301,-170.00,32.35247104,109.64807597,32.36274641,109.64168247,32.36274641,109.64168247,0.6500,1292.22,1,39,split_finetuned_disk,15,1,-1,1847.68,337.22,337.22
302,-167.00,32.36274641,109.64168247,32.36274641,109.64168247,32.36274641,109.64168247,0.6033,0.00,0,102,split_finetuned_disk,13,1,-1,658.81,167.86,167.86
303,-163.00,32.36274641,109.64168247,32.36274641,109.64168247,32.36274641,109.64168247,0.6033,0.00,0,102,split_finetuned_disk,13,1,-1,701.38,386.12,386.12
304,-159.00,32.36274641,109.64168247,32.36274641,109.64168247,32.36274641,109.64168247,0.6033,0.00,0,102,split_finetuned_disk,13,1,-1,768.06,294.77,294.77
305,-156.00,32.36274641,109.64168247,32.36274641,109.64168247,32.36274641,109.64168247,0.6033,0.00,0,102,split_finetuned_disk,13,1,-1,823.64,236.96,236.96
306,-152.00,32.36208108,109.63884410,32.36274641,109.64168247,32.36274641,109.64168247,0.5800,276.98,1,101,split_finetuned_disk,12,1,-1,911.17,175.39,175.39
307,-97.00,32.36835090,109.64488924,32.36274641,109.64168247,32.36274641,109.64168247,0.5800,692.94,1,136,split_finetuned_disk,12,1,-1,429.60,429.60,429.60
308,-94.00,32.36274641,109.64168247,32.36274641,109.64168247,32.36274641,109.64168247,0.6033,0.00,0,102,split_finetuned_disk,13,1,-1,813.29,207.65,207.65
309,-92.00,32.35247104,109.64807597,32.36274641,109.64168247,32.36274641,109.64168247,0.6500,1292.22,1,39,split_finetuned_disk,15,1,-1,2040.12,271.38,271.38
310,-89.00,32.36274641,109.64168247,32.36274641,109.64168247,32.36274641,109.64168247,0.6033,0.00,0,102,split_finetuned_disk,13,1,-1,679.72,168.06,168.06
311,-87.00,32.36208108,109.63884410,32.36274641,109.64168247,32.36274641,109.64168247,0.5800,276.98,1,101,split_finetuned_disk,12,1,-1,639.72,639.72,639.72
312,-84.00,32.36208108,109.63884410,32.36274641,109.64168247,32.36274641,109.64168247,0.5800,276.98,1,101,split_finetuned_disk,12,1,-1,585.74,342.86,342.86
313,-82.00,32.35247104,109.64807597,32.36274641,109.64168247,32.36274641,109.64168247,0.6500,1292.22,1,39,split_finetuned_disk,15,1,-1,1830.50,360.18,360.18
314,-79.00,32.36490789,109.65643125,32.36274641,109.64168247,32.36274641,109.64168247,0.5333,1407.58,1,120,split_finetuned_disk,10,1,-1,1471.41,215.68,215.68
315,-77.00,32.35247104,109.64807597,32.36274641,109.64168247,32.36274641,109.64168247,0.6500,1292.22,1,39,split_finetuned_disk,15,1,-1,1683.20,322.24,322.24
316,-74.00,32.35392427,109.64739730,32.36274641,109.64168247,32.36274641,109.64168247,0.5333,1119.49,1,49,split_finetuned_disk,10,1,-1,1379.69,588.06,588.06
317,-72.00,32.35392427,109.64739730,32.36274641,109.64168247,32.36274641,109.64168247,0.5333,1119.49,1,49,split_finetuned_disk,10,1,-1,1326.01,272.34,272.34
318,-69.00,32.36490789,109.65643125,32.36274641,109.64168247,32.36274641,109.64168247,0.5333,1407.58,1,120,split_finetuned_disk,10,1,-1,1357.17,477.65,477.65
319,-67.00,32.36274641,109.64168247,32.36274641,109.64168247,32.36274641,109.64168247,0.6033,0.00,0,102,split_finetuned_disk,13,1,-1,160.46,160.46,160.46
320,-64.00,32.36274641,109.64168247,32.36274641,109.64168247,32.36274641,109.64168247,0.6033,0.00,0,102,split_finetuned_disk,13,1,-1,169.01,169.01,169.01
321,-62.00,32.36274641,109.64168247,32.36274641,109.64168247,32.36274641,109.64168247,0.6033,0.00,0,102,split_finetuned_disk,13,1,1,143.70,143.70,143.70
322,-59.00,32.36274641,109.64168247,32.36274641,109.64168247,32.36274641,109.64168247,0.6033,0.00,0,102,split_finetuned_disk,13,1,1,137.59,137.59,137.59
323,-57.00,32.36614650,109.64979637,32.36274641,109.64168247,32.36274641,109.64168247,0.5567,851.69,1,128,split_finetuned_disk,11,1,8,811.54,92.71,92.71
324,-54.00,32.36274641,109.64168247,32.36274641,109.64168247,32.36274641,109.64168247,0.6033,0.00,0,102,split_finetuned_disk,13,1,-1,192.25,151.73,151.73
325,-51.00,32.36274641,109.64168247,32.36274641,109.64168247,32.36274641,109.64168247,0.6033,0.00,0,102,split_finetuned_disk,13,1,-1,234.66,218.76,218.76
326,-48.00,32.36274641,109.64168247,32.36274641,109.64168247,32.36274641,109.64168247,0.6033,0.00,0,102,split_finetuned_disk,13,1,-1,337.62,156.95,156.95
327,-46.00,32.35392427,109.64739730,32.36274641,109.64168247,32.36274641,109.64168247,0.5333,1119.49,1,49,split_finetuned_disk,10,1,10,718.33,102.98,102.98
328,-43.00,32.36614650,109.64979637,32.36274641,109.64168247,32.36274641,109.64168247,0.5567,851.69,1,128,split_finetuned_disk,11,1,10,947.35,52.66,52.66
329,-40.00,32.36208108,109.63884410,32.36274641,109.64168247,32.36274641,109.64168247,0.5800,276.98,1,101,split_finetuned_disk,12,1,-1,604.83,232.33,232.33
330,-38.00,32.36274641,109.64168247,32.36274641,109.64168247,32.36274641,109.64168247,0.6033,0.00,0,102,split_finetuned_disk,13,1,-1,532.66,362.98,362.98
331,-35.00,32.35269640,109.65738405,32.36274641,109.64168247,32.36274641,109.64168247,0.5567,1852.45,1,43,split_finetuned_disk,11,1,-1,1344.56,407.45,407.45
332,-32.00,32.35269640,109.65738405,32.36274641,109.64168247,32.36274641,109.64168247,0.5567,1852.45,1,43,split_finetuned_disk,11,1,-1,1235.31,1099.14,1099.14
333,-30.00,32.35247104,109.64807597,32.36274641,109.64168247,32.36274641,109.64168247,0.6500,1292.22,1,39,split_finetuned_disk,15,1,-1,617.64,170.43,170.43
334,-27.00,32.36614650,109.64979637,32.36274641,109.64168247,32.36274641,109.64168247,0.5567,851.69,1,128,split_finetuned_disk,11,1,3,1210.73,114.27,114.27
335,-24.00,32.36208108,109.63884410,32.36274641,109.64168247,32.36274641,109.64168247,0.5800,276.98,1,101,split_finetuned_disk,12,1,5,931.47,80.93,80.93
336,-22.00,32.36274641,109.64168247,32.36274641,109.64168247,32.36274641,109.64168247,0.6033,0.00,0,102,split_finetuned_disk,13,1,6,886.76,78.97,78.97
337,-19.00,32.36208108,109.63884410,32.36274641,109.64168247,32.36274641,109.64168247,0.5800,276.98,1,101,split_finetuned_disk,12,1,7,1076.53,82.92,82.92
338,-16.00,32.36614650,109.64979637,32.36274641,109.64168247,32.36274641,109.64168247,0.5567,851.69,1,128,split_finetuned_disk,11,1,-1,1389.56,401.43,401.43
339,-14.00,32.36208108,109.63884410,32.36274641,109.64168247,32.36274641,109.64168247,0.5800,276.98,1,101,split_finetuned_disk,12,1,-1,1178.81,204.03,204.03
340,-11.00,32.35247104,109.64807597,32.36274641,109.64168247,32.36274641,109.64168247,0.6500,1292.22,1,39,split_finetuned_disk,15,1,-1,229.46,229.46,229.46
341,-8.00,32.36614650,109.64979637,32.36274641,109.64168247,32.36274641,109.64168247,0.5567,851.69,1,128,split_finetuned_disk,11,1,-1,1561.61,786.81,786.81
342,-6.00,32.36614650,109.64979637,32.36274641,109.64168247,32.36274641,109.64168247,0.5567,851.69,1,128,split_finetuned_disk,11,1,-1,1615.65,171.19,171.19
343,-3.00,32.36208108,109.63884410,32.36274641,109.64168247,32.36274641,109.64168247,0.5800,276.98,1,101,split_finetuned_disk,12,1,-1,1418.14,207.75,207.75
