Frame,Time_Sec,Raw_Lat,Raw_Lng,Predicted_Lat,Predicted_Lng,Filtered_Lat,Filtered_Lng,Match_Confidence,Innovation_M,Outlier_Rejected,Best_Match_Idx,Algorithm,Inliers,Measurement_Valid,Correct_Candidate_Rank
1,7.00,32.30460000,119.89700000,32.30460000,119.89700000,32.30460000,119.89700000,0.3000,0.00,0,-1,orb,0,1,-1
2,14.00,32.32225469,119.84932177,32.30460000,119.89700000,32.30460000,119.89700000,0.4167,4896.82,1,830,orb,5,1,-1
3,21.00,32.30460000,119.89700000,32.30460000,119.89700000,32.30460000,119.89700000,0.3000,0.00,0,-1,orb,0,1,-1
4,28.00,32.30460000,119.89700000,32.30460000,119.89700000,32.30460000,119.89700000,0.3000,0.00,0,-1,orb,0,1,-1
5,36.00,32.30496438,119.83949714,32.30460000,119.89700000,32.30460000,119.89700000,0.4400,5409.49,1,376,orb,6,1,-1
6,43.00,32.30767786,119.84321021,32.30460000,119.89700000,32.30460000,119.89700000,0.4867,5071.63,1,467,orb,8,1,-1
7,50.00,32.30828940,119.89117006,32.30460000,119.89700000,32.30460000,119.89700000,0.5800,685.16,1,490,orb,12,1,1
8,57.00,32.30868637,119.89034481,32.30460000,119.89700000,32.30460000,119.89700000,0.5100,773.87,1,490,orb,9,1,1
9,64.00,32.29433485,119.83325862,32.30460000,119.89700000,32.30460000,119.89700000,0.4867,6104.12,1,103,orb,8,1,-1
10,71.00,32.29970326,119.81036712,32.30460000,119.89700000,32.30460000,119.89700000,0.4400,8167.83,1,227,orb,6,1,-1
11,79.00,32.29940285,119.80977041,32.30460000,119.89700000,32.30460000,119.89700000,0.4633,8226.13,1,227,orb,7,1,62
12,86.00,32.29524098,119.85697537,32.30460000,119.89700000,32.30460000,119.89700000,0.4400,3906.63,1,159,orb,6,1,-1
13,93.00,32.29380914,119.81121776,32.30460000,119.89700000,32.30460000,119.89700000,0.4400,8158.52,1,92,orb,6,1,-1
14,100.00,32.32489889,119.86058687,32.30460000,119.89700000,32.32489889,119.86058687,0.3933,4103.60,1,880,orb,4,1,-1
15,108.00,32.31253711,119.84906785,32.32489889,119.86058687,32.32489889,119.86058687,0.4633,1751.54,1,560,orb,7,1,2
16,115.00,32.35089336,119.83525772,32.32489889,119.86058687,32.32489889,119.86058687,0.4400,3748.46,1,1544,orb,6,1,-1
17,122.00,32.34800821,119.87572902,32.32489889,119.86058687,32.32489889,119.86058687,0.4400,2940.57,1,1473,orb,6,1,-1
18,130.00,32.30758712,119.83873538,32.32489889,119.86058687,32.32489889,119.86058687,0.4400,2817.68,1,421,orb,6,1,-1
19,137.00,32.29017298,119.86530186,32.32489889,119.86058687,32.32489889,119.86058687,0.4167,3891.05,1,28,orb,5,1,-1
20,144.00,32.31211868,119.83319514,32.32489889,119.86058687,32.32489889,119.86058687,0.4167,2943.43,1,553,orb,5,1,-1
21,152.00,32.35513033,119.85659449,32.32489889,119.86058687,32.32489889,119.86058687,0.4633,3386.26,1,1644,orb,7,1,-1
22,159.00,32.31015040,119.85111773,32.32489889,119.86058687,32.32489889,119.86058687,0.4400,1867.88,1,516,orb,6,1,45
23,166.00,32.32566554,119.82912077,32.32489889,119.86058687,32.32489889,119.86058687,0.4867,2961.27,1,911,orb,8,1,-1
24,174.00,32.30908825,119.84241036,32.32489889,119.86058687,32.30908825,119.84241036,0.4633,2453.86,1,512,orb,7,1,-1
25,181.00,32.33783420,119.85285021,32.30908825,119.84241036,32.30908825,119.84241036,0.5100,3347.31,1,1237,orb,9,1,-1
26,189.00,32.29958524,119.84711954,32.30908825,119.84241036,32.30908825,119.84241036,0.4633,1146.88,1,244,orb,7,1,-1
27,196.00,32.30614946,119.83978915,32.30908825,119.84241036,32.30908825,119.84241036,0.4400,409.67,1,421,orb,6,1,-1
28,204.00,32.31712231,119.82217127,32.30908825,119.84241036,32.30908825,119.84241036,0.5100,2103.50,1,683,orb,9,1,-1
29,211.00,32.31515403,119.84754432,32.30908825,119.84241036,32.30908825,119.84241036,0.5100,830.18,1,650,orb,9,1,-1
30,218.00,32.29952087,119.82242519,32.30908825,119.84241036,32.30908825,119.84241036,0.4633,2160.74,1,233,orb,7,1,-1
31,225.00,32.31084777,119.84458720,32.30908825,119.84241036,32.30908825,119.84241036,0.4633,283.37,1,513,orb,7,1,-1
32,233.00,32.32128418,119.87109601,32.30908825,119.84241036,32.32128355,119.87109453,0.7667,3020.77,0,796,orb,20,1,1
33,240.00,32.29614220,119.80765705,32.32188199,119.87250209,32.32188199,119.87250209,0.4400,6739.48,1,136,orb,6,1,-1
34,247.00,32.35470118,119.81546300,32.32248042,119.87390964,32.32248042,119.87390964,0.5100,6564.65,1,1625,orb,9,1,-1
35,254.00,32.29009787,119.88446178,32.32307885,119.87531720,32.32307885,119.87531720,0.4400,3770.88,1,37,orb,6,1,-1
36,262.00,32.30692193,119.83890043,32.32376278,119.87692583,32.32376278,119.87692583,0.4633,4038.57,1,421,orb,7,1,-1
37,269.00,32.29193741,119.87908660,32.32436121,119.87833338,32.32436121,119.87833338,0.4633,3610.11,1,79,orb,7,1,-1
38,276.00,32.30243820,119.89205190,32.32495964,119.87974094,32.32495964,119.87974094,0.4633,2761.65,1,356,orb,7,1,-1
39,284.00,32.29149753,119.83358872,32.32564357,119.88134957,32.32564357,119.88134957,0.4400,5885.13,1,58,orb,6,1,-1
40,291.00,32.29055921,119.81002433,32.32624200,119.88275713,32.32624200,119.88275713,0.4400,7911.50,1,2,orb,6,1,-1
41,298.00,32.34061788,119.87247989,32.32684043,119.88416468,32.32684043,119.88416468,0.4400,1886.93,1,1291,orb,6,1,-1
42,306.00,32.30984999,119.89342308,32.32752436,119.88577331,32.30984999,119.89342308,0.4167,2094.98,1,536,orb,5,1,-1
43,313.00,32.31245619,119.85000048,32.30984999,119.89342308,32.30984999,119.89342308,0.3933,4095.09,1,606,orb,4,1,-1
44,320.00,32.30984999,119.89342308,32.30984999,119.89342308,32.30984999,119.89342308,0.3000,0.00,0,-1,orb,0,1,-1
45,328.00,32.30984999,119.89342308,32.30984999,119.89342308,32.30984999,119.89342308,0.3000,0.00,0,-1,orb,0,1,-1
46,335.00,32.29607783,119.86493367,32.30984999,119.89342308,32.30984999,119.89342308,0.4167,3087.55,1,163,orb,5,1,-1
47,343.00,32.31342178,119.86098626,32.30984999,119.89342308,32.30984999,119.89342308,0.4400,3077.15,1,611,orb,6,1,-1
48,350.00,32.32094086,119.81255666,32.30984999,119.89342308,32.30984999,119.89342308,0.3933,7706.70,1,768,orb,4,1,-1
49,358.00,32.30165008,119.81408601,32.30984999,119.89342308,32.30984999,119.89342308,0.4167,7518.91,1,274,orb,5,1,-1
50,365.00,32.30864345,119.81824925,32.30984999,119.89342308,32.30984999,119.89342308,0.4633,7072.94,1,456,orb,7,1,-1
51,372.00,32.30984999,119.89342308,32.30984999,119.89342308,32.30984999,119.89342308,0.3000,0.00,0,-1,orb,0,1,-1
52,379.00,32.30984999,119.89342308,32.30984999,119.89342308,32.30984999,119.89342308,0.3000,0.00,0,-1,orb,0,1,-1
53,386.00,32.30984999,119.89342308,32.30984999,119.89342308,32.30984999,119.89342308,0.3000,0.00,0,-1,orb,0,1,-1
54,394.00,32.30984999,119.89342308,32.30984999,119.89342308,32.30984999,119.89342308,0.3000,0.00,0,-1,orb,0,1,-1
55,401.00,32.32544024,119.82272990,32.30984999,119.89342308,32.30984999,119.89342308,0.5333,6872.89,1,908,orb,10,1,-1
56,408.00,32.33542113,119.89395631,32.30984999,119.89342308,32.30984999,119.89342308,0.4867,2847.02,1,1166,orb,8,1,-1
57,416.00,32.30984999,119.89342308,32.30984999,119.89342308,32.30984999,119.89342308,0.3000,0.00,0,-1,orb,0,1,-1
58,423.00,32.30719015,119.83884964,32.30984999,119.89342308,32.30984999,119.89342308,0.4867,5142.30,1,421,orb,8,1,-1
59,431.00,32.30825722,119.83143727,32.30984999,119.89342308,32.30984999,119.89342308,0.4167,5833.75,1,462,orb,5,1,-1
60,438.00,32.29434558,119.83327132,32.30984999,119.89342308,32.30984999,119.89342308,0.4400,5915.89,1,103,orb,6,1,-1
61,445.00,32.31670389,119.84135658,32.30984999,119.89342308,32.30984999,119.89342308,0.4400,4957.01,1,692,orb,6,1,-1
62,452.00,32.30984999,119.89342308,32.30984999,119.89342308,32.30984999,119.89342308,0.3000,0.00,0,-1,orb,0,1,-1
63,459.00,32.29568086,119.85907604,32.30984999,119.89342308,32.30984999,119.89342308,0.4167,3595.50,1,160,orb,5,1,-1
64,467.00,32.30080251,119.82557963,32.30984999,119.89342308,32.30984999,119.89342308,0.4400,6461.07,1,279,orb,6,1,-1
65,474.00,32.30984999,119.89342308,32.30984999,119.89342308,32.30984999,119.89342308,0.3000,0.00,0,-1,orb,0,1,-1
66,481.00,32.35289383,119.87876919,32.30984999,119.89342308,32.30984999,119.89342308,0.4400,4985.99,1,1609,orb,6,1,-1
67,488.00,32.30506094,119.81026556,32.30984999,119.89342308,32.30984999,119.89342308,0.4633,7840.84,1,362,orb,7,1,-1
68,495.00,32.34072517,119.80839342,32.30984999,119.89342308,32.30984999,119.89342308,0.5100,8705.98,1,1261,orb,9,1,-1
69,502.00,32.29328342,119.87272112,32.30984999,119.89342308,32.30984999,119.89342308,0.4167,2682.09,1,121,orb,5,1,-1
70,509.00,32.30154280,119.86307423,32.30984999,119.89342308,32.30984999,119.89342308,0.4867,3000.98,1,297,orb,8,1,-1
71,516.00,32.31653223,119.84136928,32.30984999,119.89342308,32.30984999,119.89342308,0.5100,4952.92,1,692,orb,9,1,-1
72,523.00,32.32116617,119.84072866,32.30984999,119.89342308,32.30984999,119.89342308,0.5100,5114.56,1,781,orb,9,1,-1
73,530.00,32.33935770,119.89966159,32.30984999,119.89342308,32.30984999,119.89342308,0.4633,3336.81,1,1259,orb,7,1,-1
74,537.00,32.35470118,119.81543760,32.30984999,119.89342308,32.30984999,119.89342308,0.4867,8873.98,1,1625,orb,8,1,-1
75,544.00,32.31602306,119.90002978,32.30984999,119.89342308,32.31602306,119.90002978,0.4167,926.54,1,674,orb,5,1,-1
76,552.00,32.32175625,119.81122357,32.31602306,119.90002978,32.31602306,119.90002978,0.4167,8378.41,1,768,orb,5,1,-1
77,559.00,32.31602306,119.90002978,32.31602306,119.90002978,32.31602306,119.90002978,0.3000,0.00,0,-1,orb,0,1,-1
78,567.00,32.31602306,119.90002978,32.31602306,119.90002978,32.31602306,119.90002978,0.3000,0.00,0,-1,orb,0,1,-1
79,574.00,32.29429193,119.88990045,32.31602306,119.90002978,32.31602306,119.90002978,0.5100,2600.01,1,130,orb,9,1,-1
80,581.00,32.30721161,119.83879886,32.31602306,119.90002978,32.31602306,119.90002978,0.4633,5842.96,1,421,orb,7,1,-1
81,588.00,32.29436704,119.83316975,32.31602306,119.90002978,32.31602306,119.90002978,0.4400,6735.76,1,103,orb,6,1,-1
82,595.00,32.31602306,119.90002978,32.31602306,119.90002978,32.31602306,119.90002978,0.3000,0.00,0,-1,orb,0,1,-1
83,603.00,32.29424902,119.81347659,32.31602306,119.90002978,32.31602306,119.90002978,0.4633,8495.26,1,94,orb,7,1,-1
84,610.00,32.31602306,119.90002978,32.31602306,119.90002978,32.31602306,119.90002978,0.3000,0.00,0,-1,orb,0,1,-1
85,617.00,32.31602306,119.90002978,32.31602306,119.90002978,32.31602306,119.90002978,0.3000,0.00,0,-1,orb,0,1,-1
86,625.00,32.31602306,119.90002978,32.31602306,119.90002978,32.31602306,119.90002978,0.3000,0.00,0,-1,orb,0,1,-1
87,632.00,32.31602306,119.90002978,32.31602306,119.90002978,32.31602306,119.90002978,0.3000,0.00,0,-1,orb,0,1,-1
88,639.00,32.35048075,119.82610017,32.31602306,119.90002978,32.31602306,119.90002978,0.4633,7942.31,1,1494,orb,7,1,1
89,647.00,32.29666791,119.88745117,32.31602306,119.90002978,32.31602306,119.90002978,0.4867,2458.15,1,173,orb,8,1,3
90,654.00,32.30031480,119.87319668,32.31602306,119.90002978,32.31602306,119.90002978,0.4400,3070.73,1,257,orb,6,1,-1
91,661.00,32.31602306,119.90002978,32.31602306,119.90002978,32.31602306,119.90002978,0.3000,0.00,0,-1,orb,0,1,-1
92,668.00,32.32721049,119.82676618,32.31602306,119.90002978,32.31602306,119.90002978,0.4400,7003.58,1,910,orb,6,1,-1
93,676.00,32.31602306,119.90002978,32.31602306,119.90002978,32.31602306,119.90002978,0.3000,0.00,0,-1,orb,0,1,-1
94,683.00,32.29551993,119.85277404,32.31602306,119.90002978,32.31602306,119.90002978,0.4167,4997.08,1,157,orb,5,1,-1
95,690.00,32.29357310,119.80750469,32.31602306,119.90002978,32.31602306,119.90002978,0.4167,9055.59,1,91,orb,5,1,-1
96,736.00,32.31120673,119.83094212,32.31602306,119.90002978,32.31602306,119.90002978,0.3933,6521.21,1,552,orb,4,1,-1
97,739.00,32.31602306,119.90002978,32.31602306,119.90002978,32.31602306,119.90002978,0.3000,0.00,0,-1,orb,0,1,-1
98,743.00,32.31602306,119.90002978,32.31602306,119.90002978,32.31602306,119.90002978,0.3000,0.00,0,-1,orb,0,1,-1
99,747.00,32.31602306,119.90002978,32.31602306,119.90002978,32.31602306,119.90002978,0.3000,0.00,0,-1,orb,0,1,-1
100,751.00,32.29390570,119.81247360,32.31602306,119.90002978,32.31602306,119.90002978,0.4400,8596.60,1,94,orb,6,1,-1
101,755.00,32.34076808,119.80716190,32.31602306,119.90002978,32.31602306,119.90002978,0.4633,9160.15,1,1261,orb,7,1,-1
102,759.00,32.32854577,119.81254397,32.31602306,119.90002978,32.31602306,119.90002978,0.4633,8347.09,1,948,orb,7,1,-1
103,762.00,32.31602306,119.90002978,32.31602306,119.90002978,32.31602306,119.90002978,0.3000,0.00,0,-1,orb,0,1,-1
104,766.00,32.31602306,119.90002978,32.31602306,119.90002978,32.31602306,119.90002978,0.3000,0.00,0,-1,orb,0,1,-1
105,770.00,32.31602306,119.90002978,32.31602306,119.90002978,32.31602306,119.90002978,0.3000,0.00,0,-1,orb,0,1,-1
106,774.00,32.30023388,119.85151131,32.31602306,119.90002978,32.31602306,119.90002978,0.4867,4890.91,1,291,orb,8,1,-1
107,778.00,32.33054624,119.84303247,32.31602306,119.90002978,32.31602306,119.90002978,0.4633,5600.22,1,1007,orb,7,1,-1
108,781.00,32.31161443,119.85974893,32.31602306,119.90002978,32.31602306,119.90002978,0.4400,3820.90,1,565,orb,6,1,-1
109,785.00,32.29502640,119.82618216,32.31602306,119.90002978,32.31602306,119.90002978,0.4400,7329.57,1,145,orb,6,1,-1
110,789.00,32.31539006,119.84602767,32.31602306,119.90002978,32.31602306,119.90002978,0.4167,5080.51,1,649,orb,5,1,-1
111,793.00,32.31602306,119.90002978,32.31602306,119.90002978,32.31602306,119.90002978,0.3000,0.00,0,-1,orb,0,1,-1
112,796.00,32.31602306,119.90002978,32.31602306,119.90002978,32.31602306,119.90002978,0.3000,0.00,0,-1,orb,0,1,-1
113,800.00,32.32710811,119.85086381,32.31602306,119.90002978,32.31602306,119.90002978,0.4400,4786.87,1,966,orb,6,1,-1
114,804.00,32.30007877,119.80686989,32.31602306,119.90002978,32.31602306,119.90002978,0.4167,8941.56,1,226,orb,5,1,-1
115,808.00,32.31602306,119.90002978,32.31602306,119.90002978,32.31602306,119.90002978,0.3000,0.00,0,-1,orb,0,1,-1
116,812.00,32.31602306,119.90002978,32.31602306,119.90002978,32.31602306,119.90002978,0.3000,0.00,0,-1,orb,0,1,-1
117,815.00,32.31602306,119.90002978,32.31602306,119.90002978,32.31602306,119.90002978,0.3000,0.00,0,-1,orb,0,1,-1
118,819.00,32.29963889,119.80641971,32.31602306,119.90002978,32.31602306,119.90002978,0.4400,8992.87,1,225,orb,6,1,-1
119,823.00,32.34071444,119.80900283,32.31602306,119.90002978,32.31602306,119.90002978,0.4867,8993.31,1,1261,orb,8,1,-1
120,827.00,32.30260986,119.85796566,32.31602306,119.90002978,32.31602306,119.90002978,0.4400,4229.35,1,339,orb,6,1,-1
121,830.00,32.30142478,119.82418306,32.31602306,119.90002978,32.31602306,119.90002978,0.4633,7317.69,1,279,orb,7,1,-1
122,834.00,32.32118762,119.84072866,32.31602306,119.90002978,32.31602306,119.90002978,0.5333,5608.05,1,781,orb,10,1,-1
123,838.00,32.31825957,119.85227889,32.31602306,119.90002978,32.31602306,119.90002978,0.4167,4498.86,1,697,orb,5,1,-1
124,842.00,32.29923610,119.85352892,32.31602306,119.90002978,32.31602306,119.90002978,0.4400,4756.81,1,293,orb,6,1,-1
125,845.00,32.34582535,119.88061594,32.31602306,119.90002978,32.31602306,119.90002978,0.4167,3787.04,1,1430,orb,5,1,-1
126,849.00,32.32752654,119.85339614,32.31602306,119.90002978,32.31602306,119.90002978,0.4867,4569.95,1,967,orb,8,1,-1
127,853.00,32.31602306,119.90002978,32.31602306,119.90002978,32.31602306,119.90002978,0.3000,0.00,0,-1,orb,0,1,-1
128,857.00,32.29261333,119.83467370,32.31602306,119.90002978,32.31602306,119.90002978,0.4400,6677.59,1,59,orb,6,1,-1
129,861.00,32.29400226,119.81369243,32.31602306,119.90002978,32.31602306,119.90002978,0.3933,8483.70,1,94,orb,4,1,-1
130,865.00,32.31602306,119.90002978,32.31602306,119.90002978,32.31602306,119.90002978,0.3000,0.00,0,-1,orb,0,1,-1
131,868.00,32.32328956,119.80755548,32.31602306,119.90002978,32.31602306,119.90002978,0.4167,8736.66,1,856,orb,5,1,-1
132,872.00,32.32995616,119.89521904,32.31602306,119.90002978,32.31602306,119.90002978,0.4633,1615.71,1,1032,orb,7,1,-1
133,876.00,32.29447432,119.89075108,32.31602306,119.90002978,32.31602306,119.90002978,0.4633,2552.67,1,130,orb,7,1,-1
134,880.00,32.29009787,119.88359264,32.31602306,119.90002978,32.31602306,119.90002978,0.4400,3274.12,1,36,orb,6,1,-1
135,884.00,32.32622344,119.82080698,32.31602306,119.90002978,32.31602306,119.90002978,0.4400,7538.56,1,907,orb,6,1,-1
136,887.00,32.31602306,119.90002978,32.31602306,119.90002978,32.31602306,119.90002978,0.3000,0.00,0,-1,orb,0,1,-1
137,891.00,32.31602306,119.90002978,32.31602306,119.90002978,32.31602306,119.90002978,0.3000,0.00,0,-1,orb,0,1,-1
138,895.00,32.31602306,119.90002978,32.31602306,119.90002978,32.31602306,119.90002978,0.3000,0.00,0,-1,orb,0,1,-1
139,899.00,32.31602306,119.90002978,32.31602306,119.90002978,32.31602306,119.90002978,0.3000,0.00,0,-1,orb,0,1,-1
140,902.00,32.30793535,119.89128432,32.31602306,119.90002978,32.31602306,119.90002978,0.4400,1219.59,1,490,orb,6,1,-1
141,906.00,32.31602306,119.90002978,32.31602306,119.90002978,32.31602306,119.90002978,0.3000,0.00,0,-1,orb,0,1,-1
142,910.00,32.29730582,119.81887136,32.31602306,119.90002978,32.31602306,119.90002978,0.4167,7913.85,1,186,orb,5,1,-1
143,914.00,32.29452797,119.81060835,32.31602306,119.90002978,32.31602306,119.90002978,0.4867,8745.65,1,92,orb,8,1,-1
144,917.00,32.30039481,119.81399713,32.31602306,119.90002978,32.31602306,119.90002978,0.4633,8278.04,1,274,orb,7,1,-1
145,921.00,32.29890933,119.80965614,32.31602306,119.90002978,32.31602306,119.90002978,0.4633,8712.36,1,227,orb,7,1,-1
146,925.00,32.31681118,119.81984207,32.31602306,119.90002978,32.31602306,119.90002978,0.4167,7543.83,1,682,orb,5,1,-1
147,929.00,32.31602306,119.90002978,32.31602306,119.90002978,32.31602306,119.90002978,0.0000,0.00,0,-1,orb,0,0,-1
148,933.00,32.33869251,119.86560657,32.31602306,119.90002978,32.31602306,119.90002978,0.4400,4105.41,1,1243,orb,6,1,-1
149,936.00,32.34886070,119.89681186,32.31602306,119.90002978,32.31602306,119.90002978,0.4633,3668.00,1,1528,orb,7,1,-1
150,940.00,32.31017186,119.84423171,32.31602306,119.90002978,32.31602306,119.90002978,0.5333,5289.23,1,513,orb,10,1,-1
151,944.00,32.30080251,119.80579760,32.31602306,119.90002978,32.31602306,119.90002978,0.4633,9024.97,1,270,orb,7,1,-1
152,948.00,32.33649892,119.85665797,32.31602306,119.90002978,32.33649892,119.85665797,0.4633,4673.55,1,1194,orb,7,1,-1
153,952.00,32.33400001,119.86530186,32.33649892,119.85665797,32.33649892,119.85665797,0.4633,859.40,1,1108,orb,7,1,-1
154,955.00,32.29585252,119.86564465,32.33649892,119.85665797,32.33649892,119.85665797,0.4867,4603.05,1,163,orb,8,1,-1
155,959.00,32.34487631,119.89902679,32.33649892,119.85665797,32.33649892,119.85665797,0.4867,4093.32,1,1394,orb,8,1,-1
156,963.00,32.35533418,119.82084507,32.33649892,119.85665797,32.33649892,119.85665797,0.5100,3968.14,1,1627,orb,9,1,-1
157,967.00,32.31650004,119.84130580,32.33649892,119.85665797,32.33649892,119.85665797,0.4400,2653.67,1,692,orb,6,1,-1
158,971.00,32.34074662,119.80841881,32.33649892,119.85665797,32.33649892,119.85665797,0.4633,4562.46,1,1261,orb,7,1,-1
159,974.00,32.29439922,119.83327132,32.33649892,119.85665797,32.33649892,119.85665797,0.4400,5177.22,1,103,orb,6,1,-1
160,978.00,32.29532681,119.87265763,32.33649892,119.85665797,32.33649892,119.85665797,0.4633,4824.08,1,166,orb,7,1,-1
161,982.00,32.31142131,119.83438858,32.33649892,119.85665797,32.33649892,119.85665797,0.5567,3490.25,1,553,orb,11,1,-1
162,986.00,32.32654531,119.87938442,32.33649892,119.85665797,32.32654531,119.87938442,0.4633,2407.97,1,935,orb,7,1,-1
163,989.00,32.29343363,119.80933874,32.32654531,119.87938442,32.32654531,119.87938442,0.4633,7550.15,1,92,orb,7,1,-1
164,993.00,32.30267423,119.84459990,32.32654531,119.87938442,32.32654531,119.87938442,0.4400,4215.30,1,333,orb,6,1,-1
165,997.00,32.30836451,119.81327346,32.32654531,119.87938442,32.32654531,119.87938442,0.4633,6540.14,1,454,orb,7,1,-1
166,1001.00,32.32410495,119.82624564,32.32654531,119.87938442,32.32654531,119.87938442,0.4633,5006.18,1,865,orb,7,1,30
167,1004.00,32.29315468,119.80985928,32.32654531,119.87938442,32.32654531,119.87938442,0.4167,7522.75,1,92,orb,5,1,-1
168,1008.00,32.31646785,119.84135658,32.32654531,119.87938442,32.32654531,119.87938442,0.4633,3749.08,1,692,orb,7,1,-1
169,1012.00,32.33621997,119.89471119,32.32654531,119.87938442,32.32654531,119.87938442,0.4167,1799.63,1,1212,orb,5,1,-1
170,1016.00,32.29956378,119.87727105,32.32654531,119.87938442,32.32654531,119.87938442,0.4633,3010.16,1,259,orb,7,1,-1
171,1020.00,32.30653570,119.83990342,32.32654531,119.87938442,32.32654531,119.87938442,0.4400,4330.76,1,421,orb,6,1,-1
172,1023.00,32.32675988,119.84067788,32.32654531,119.87938442,32.32675988,119.84067788,0.4400,3641.23,1,916,orb,6,1,-1
173,1027.00,32.31236544,119.88083177,32.32675988,119.84067788,32.32675988,119.84067788,0.4867,4103.13,1,575,orb,8,1,1
174,1031.00,32.32832047,119.87485298,32.32675988,119.84067788,32.32675988,119.84067788,0.4633,3219.57,1,978,orb,7,1,-1
175,1035.00,32.31127111,119.88243729,32.32675988,119.84067788,32.32675988,119.84067788,0.5333,4290.08,1,576,orb,10,1,1
176,1039.00,32.29593835,119.86222359,32.32675988,119.84067788,32.32675988,119.84067788,0.4400,3984.99,1,162,orb,6,1,-1
177,1042.00,32.31050445,119.84418093,32.32675988,119.84067788,32.32675988,119.84067788,0.4633,1839.32,1,513,orb,7,1,-1
178,1046.00,32.29259187,119.80588648,32.32675988,119.84067788,32.32675988,119.84067788,0.4633,5017.85,1,45,orb,7,1,-1
179,1050.00,32.34298313,119.87190857,32.32675988,119.84067788,32.32675988,119.84067788,0.5100,3448.59,1,1336,orb,9,1,-1
180,1054.00,32.29932775,119.84190252,32.32675988,119.84067788,32.32675988,119.84067788,0.4400,3055.92,1,242,orb,6,1,-1
181,1058.00,32.29016225,119.87832483,32.32675988,119.84067788,32.32675988,119.84067788,0.4400,5398.14,1,34,orb,6,1,-1
182,1061.00,32.31259075,119.84319063,32.32675988,119.84067788,32.31259075,119.84319063,0.4167,1594.92,1,558,orb,5,1,-1
183,1065.00,32.31259075,119.84319063,32.31259075,119.84319063,32.31259075,119.84319063,0.3000,0.00,0,-1,orb,0,1,-1
184,1069.00,32.32634146,119.86372173,32.31259075,119.84319063,32.31259075,119.84319063,0.4633,2464.42,1,927,orb,7,1,-1
185,1073.00,32.31259075,119.84319063,32.31259075,119.84319063,32.31259075,119.84319063,0.3000,0.00,0,-1,orb,0,1,-1
186,1077.00,32.31259075,119.84319063,32.31259075,119.84319063,32.31259075,119.84319063,0.3000,0.00,0,-1,orb,0,1,-1
187,1080.00,32.31259075,119.84319063,32.31259075,119.84319063,32.31259075,119.84319063,0.3000,0.00,0,-1,orb,0,1,-1
188,1084.00,32.30827867,119.84239766,32.31259075,119.84319063,32.31259075,119.84319063,0.4167,485.78,1,467,orb,5,1,-1
189,1088.00,32.31180755,119.85182183,32.31259075,119.84319063,32.31259075,119.84319063,0.4400,816.61,1,562,orb,6,1,-1
190,1092.00,32.31198994,119.87646539,32.31259075,119.84319063,32.31259075,119.84319063,0.4633,3130.90,1,573,orb,7,1,-1
191,1096.00,32.31610889,119.83486414,32.31259075,119.84319063,32.31259075,119.84319063,0.4867,875.73,1,644,orb,8,1,-1
192,1140.00,32.31259075,119.84319063,32.31259075,119.84319063,32.31259075,119.84319063,0.3000,0.00,0,-1,orb,0,1,-1
193,1147.00,32.33859595,119.83012376,32.31259075,119.84319063,32.31259075,119.84319063,0.5100,3145.06,1,1226,orb,9,1,-1
194,1154.00,32.30230945,119.89158903,32.31259075,119.84319063,32.31259075,119.84319063,0.5100,4694.53,1,355,orb,9,1,1
195,1162.00,32.31328230,119.87598294,32.31259075,119.84319063,32.31259075,119.84319063,0.4400,3085.76,1,618,orb,6,1,-1
196,1169.00,32.31259075,119.84319063,32.31259075,119.84319063,32.31259075,119.84319063,0.3000,0.00,0,-1,orb,0,1,-1
197,1177.00,32.34251106,119.83118335,32.31259075,119.84319063,32.31259075,119.84319063,0.3933,3517.04,1,1317,orb,4,1,-1
198,1184.00,32.31259075,119.84319063,32.31259075,119.84319063,32.31259075,119.84319063,0.3000,0.00,0,-1,orb,0,1,-1
199,1191.00,32.31259075,119.84319063,32.31259075,119.84319063,32.31259075,119.84319063,0.3000,0.00,0,-1,orb,0,1,-1
200,1198.00,32.31259075,119.84319063,32.31259075,119.84319063,32.31259075,119.84319063,0.3000,0.00,0,-1,orb,0,1,-1
201,1206.00,32.31259075,119.84319063,32.31259075,119.84319063,32.31259075,119.84319063,0.3000,0.00,0,-1,orb,0,1,-1
202,1213.00,32.31259075,119.84319063,32.31259075,119.84319063,32.31259075,119.84319063,0.3000,0.00,0,-1,orb,0,1,-1
203,1221.00,32.34632961,119.87101984,32.31259075,119.84319063,32.31259075,119.84319063,0.3933,4578.16,1,1426,orb,4,1,-1
204,1228.00,32.31259075,119.84319063,32.31259075,119.84319063,32.31259075,119.84319063,0.3000,0.00,0,-1,orb,0,1,-1
205,1236.00,32.34290802,119.89257244,32.31259075,119.84319063,32.31259075,119.84319063,0.4633,5741.92,1,1346,orb,7,1,-1
206,1243.00,32.35136542,119.89238200,32.31259075,119.84319063,32.31259075,119.84319063,0.4400,6328.09,1,1571,orb,6,1,-1
207,1250.00,32.33353868,119.88843458,32.31259075,119.84319063,32.31259075,119.84319063,0.3933,4853.10,1,1119,orb,4,1,-1
208,1257.00,32.29471036,119.81456846,32.31259075,119.84319063,32.31259075,119.84319063,0.4167,3348.36,1,94,orb,5,1,-1
209,1265.00,32.29021589,119.85498897,32.31259075,119.84319063,32.31259075,119.84319063,0.3933,2726.86,1,23,orb,4,1,-1
210,1272.00,32.33852085,119.80591187,32.31259075,119.84319063,32.31259075,119.84319063,0.3933,4542.03,1,1215,orb,4,1,-1
211,1280.00,32.33189226,119.82663922,32.31259075,119.84319063,32.31259075,119.84319063,0.5333,2653.48,1,1045,orb,10,1,-1
212,1287.00,32.29253823,119.86857057,32.31259075,119.84319063,32.31259075,119.84319063,0.4167,3268.51,1,74,orb,5,1,-1
213,1295.00,32.30466397,119.87821057,32.31259075,119.84319063,32.31259075,119.84319063,0.4633,3410.48,1,394,orb,7,1,-1
214,1302.00,32.29432412,119.86971903,32.31259075,119.84319063,32.29432412,119.86971903,0.4633,3219.10,1,120,orb,7,1,-1
215,1310.00,32.31037570,119.85365007,32.29432412,119.86971903,32.29432412,119.86971903,0.4400,2340.49,1,517,orb,6,1,-1
216,1317.00,32.31522913,119.88299592,32.29432412,119.86971903,32.29432412,119.86971903,0.4400,2641.12,1,666,orb,6,1,-1
217,1325.00,32.30751693,119.84266428,32.29432412,119.86971903,32.29432412,119.86971903,0.5100,2938.40,1,467,orb,9,1,-1
218,1332.00,32.31643567,119.84134389,32.29432412,119.86971903,32.29432412,119.86971903,0.5800,3630.95,1,692,orb,12,1,-1
219,1340.00,32.29934921,119.84833148,32.29432412,119.86971903,32.29432412,119.86971903,0.4167,2088.26,1,245,orb,5,1,-1
220,1348.00,32.31707940,119.84083604,32.29432412,119.86971903,32.29432412,119.86971903,0.4400,3714.70,1,692,orb,6,1,-1
221,1355.00,32.29651189,119.88203102,32.29432412,119.86971903,32.29432412,119.86971903,0.4867,1183.53,1,216,orb,8,1,-1
222,1363.00,32.29794955,119.87608451,32.29432412,119.86971903,32.29432412,119.86971903,0.4167,722.11,1,213,orb,5,1,-1
223,1370.00,32.30560229,119.83948445,32.29432412,119.86971903,32.29432412,119.86971903,0.4867,3108.96,1,421,orb,8,1,-1
224,1377.00,32.30751693,119.84209296,32.29432412,119.86971903,32.30751693,119.84209296,0.6733,2985.07,1,467,orb,16,1,-1
225,1385.00,32.30874001,119.81805881,32.30751693,119.84209296,32.30751693,119.84209296,0.5100,2265.01,1,456,orb,9,1,48
226,1392.00,32.32716176,119.89311837,32.30751693,119.84209296,32.30751693,119.84209296,0.5333,5274.69,1,986,orb,10,1,-1
227,1400.00,32.30141405,119.82418306,32.30751693,119.84209296,32.30751693,119.84209296,0.4867,1816.61,1,279,orb,8,1,-1
228,1408.00,32.29368039,119.85081303,32.30751693,119.84209296,32.30751693,119.84209296,0.4400,1745.10,1,111,orb,6,1,-1
229,1416.00,32.29968180,119.82242519,32.30751693,119.84209296,32.30751693,119.84209296,0.4400,2045.44,1,233,orb,6,1,-1
230,1423.00,32.29067723,119.86348051,32.30751693,119.84209296,32.30751693,119.84209296,0.4633,2749.91,1,27,orb,7,1,-1
231,1431.00,32.32539241,119.82169570,32.30751693,119.84209296,32.30751693,119.84209296,0.4633,2764.31,1,862,orb,7,1,-1
232,1438.00,32.29318687,119.88779978,32.30751693,119.84209296,32.30751693,119.84209296,0.5333,4586.06,1,129,orb,10,1,-1
233,1446.00,32.30049137,119.88323714,32.30751693,119.84209296,32.30751693,119.84209296,0.4633,3948.69,1,306,orb,7,1,-1
234,1453.00,32.29439922,119.83318245,32.30751693,119.84209296,32.29439922,119.83318245,0.5100,1683.74,1,103,orb,9,1,-1
235,1461.00,32.29996075,119.82377679,32.29439922,119.83318245,32.29439922,119.83318245,0.3933,1079.89,1,234,orb,4,1,-1
236,1468.00,32.29439922,119.83318245,32.29439922,119.83318245,32.29439922,119.83318245,0.3000,0.00,0,-1,orb,0,1,-1
237,1476.00,32.29249531,119.80966884,32.29439922,119.83318245,32.29439922,119.83318245,0.5100,2222.07,1,47,orb,9,1,-1
238,1484.00,32.33323827,119.86956667,32.29439922,119.83318245,32.29439922,119.83318245,0.5100,5514.35,1,1110,orb,9,1,-1
239,1492.00,32.30753839,119.84210565,32.29439922,119.83318245,32.29439922,119.83318245,0.4167,1686.41,1,467,orb,5,1,-1
240,1500.00,32.29439922,119.83318245,32.29439922,119.83318245,32.29439922,119.83318245,0.3000,0.00,0,-1,orb,0,1,-1
241,1507.00,32.29439922,119.83318245,32.29439922,119.83318245,32.29439922,119.83318245,0.3000,0.00,0,-1,orb,0,1,-1
242,1515.00,32.29439922,119.83318245,32.29439922,119.83318245,32.29439922,119.83318245,0.3000,0.00,0,-1,orb,0,1,-1
243,1522.00,32.31881165,119.83290313,32.29439922,119.83318245,32.29439922,119.83318245,0.4167,2717.72,1,733,orb,5,1,-1
244,1530.00,32.31646785,119.84131850,32.29439922,119.83318245,32.29439922,119.83318245,0.5333,2573.14,1,692,orb,10,1,-1
245,1538.00,32.31680045,119.82059114,32.29439922,119.83318245,32.29439922,119.83318245,0.5567,2760.71,1,682,orb,11,1,-1
246,1545.00,32.29966034,119.85135896,32.29439922,119.83318245,32.29439922,119.83318245,0.4167,1807.40,1,246,orb,5,1,-1
247,1553.00,32.29032318,119.88884086,32.29439922,119.83318245,32.29439922,119.83318245,0.4400,5255.45,1,39,orb,6,1,-1
248,1560.00,32.31684336,119.86713591,32.29439922,119.83318245,32.29439922,119.83318245,0.4400,4055.15,1,704,orb,6,1,-1
249,1568.00,32.34686023,119.82839709,32.29439922,119.83318245,32.29439922,119.83318245,0.4167,5857.28,1,1451,orb,5,1,-1
250,1576.00,32.29287082,119.88123116,32.29439922,119.83318245,32.29439922,119.83318245,0.4167,4523.18,1,81,orb,5,1,-1
251,1583.00,32.32999908,119.89610776,32.29439922,119.83318245,32.29439922,119.83318245,0.4400,7123.54,1,1032,orb,6,1,-1
252,1591.00,32.30264204,119.84266428,32.29439922,119.83318245,32.30264204,119.84266428,0.4400,1279.68,1,332,orb,6,1,-1
253,1599.00,32.30264204,119.84266428,32.30264204,119.84266428,32.30264204,119.84266428,0.3000,0.00,0,-1,orb,0,1,-1
254,1606.00,32.30264204,119.84266428,32.30264204,119.84266428,32.30264204,119.84266428,0.3000,0.00,0,-1,orb,0,1,-1
255,1614.00,32.32582647,119.82614407,32.30264204,119.84266428,32.30264204,119.84266428,0.4400,3012.66,1,910,orb,6,1,-1
256,1621.00,32.29632459,119.85799687,32.30264204,119.84266428,32.30264204,119.84266428,0.4400,1604.66,1,160,orb,6,1,-1
257,1628.00,32.35419692,119.88318636,32.30264204,119.84266428,32.30264204,119.84266428,0.4167,6889.71,1,1656,orb,5,1,-1
258,1636.00,32.29449578,119.81367973,32.30264204,119.84266428,32.30264204,119.84266428,0.4400,2873.45,1,94,orb,6,1,-1
259,1643.00,32.29173357,119.83428701,32.30264204,119.84266428,32.30264204,119.84266428,0.5333,1447.63,1,58,orb,10,1,-1
260,1651.00,32.31240836,119.83330941,32.30264204,119.84266428,32.30264204,119.84266428,0.4867,1398.72,1,553,orb,8,1,-1
261,1658.00,32.31648931,119.84136928,32.30264204,119.84266428,32.30264204,119.84266428,0.5333,1546.28,1,692,orb,10,1,-1
262,1666.00,32.33116270,119.85441764,32.30264204,119.84266428,32.30264204,119.84266428,0.4400,3361.93,1,1058,orb,6,1,-1
263,1674.00,32.32613761,119.87956216,32.30264204,119.84266428,32.30264204,119.84266428,0.4633,4346.14,1,935,orb,7,1,-1
264,1682.00,32.30556519,119.83624802,32.30264204,119.84266428,32.30556519,119.83624802,0.4400,685.71,1,374,orb,6,1,-1
265,1689.00,32.30556519,119.83624802,32.30556519,119.83624802,32.30556519,119.83624802,0.3000,0.00,0,-1,orb,0,1,-1
266,1697.00,32.30556519,119.83624802,32.30556519,119.83624802,32.30556519,119.83624802,0.3000,0.00,0,-1,orb,0,1,-1
267,1704.00,32.35494794,119.85022901,32.30556519,119.83624802,32.30556519,119.83624802,0.4400,5652.43,1,1641,orb,6,1,-1
268,1711.00,32.29450651,119.88996393,32.30556519,119.83624802,32.30556519,119.83624802,0.4400,5200.89,1,130,orb,6,1,-1
269,1718.00,32.30898678,119.88145969,32.30556519,119.83624802,32.30556519,119.83624802,0.4867,4270.12,1,486,orb,8,1,-1
270,1726.00,32.30556519,119.83624802,32.30556519,119.83624802,32.30556519,119.83624802,0.3000,0.00,0,-1,orb,0,1,-1
271,1734.00,32.30556519,119.83624802,32.30556519,119.83624802,32.30556519,119.83624802,0.3000,0.00,0,-1,orb,0,1,-1
272,1742.00,32.29418465,119.81360355,32.30556519,119.83624802,32.30556519,119.83624802,0.4633,2478.44,1,94,orb,7,1,-1
273,1749.00,32.31783041,119.82354245,32.30556519,119.83624802,32.30556519,119.83624802,0.4867,1814.60,1,683,orb,8,1,-1
274,1757.00,32.30556519,119.83624802,32.30556519,119.83624802,32.30556519,119.83624802,0.3000,0.00,0,-1,orb,0,1,-1
275,1765.00,32.30556519,119.83624802,32.30556519,119.83624802,32.30556519,119.83624802,0.3000,0.00,0,-1,orb,0,1,-1
276,1772.00,32.30556519,119.83624802,32.30556519,119.83624802,32.30556519,119.83624802,0.3000,0.00,0,-1,orb,0,1,-1
277,1780.00,32.30556519,119.83624802,32.30556519,119.83624802,32.30556519,119.83624802,0.3000,0.00,0,-1,orb,0,1,-1
278,1787.00,32.30556519,119.83624802,32.30556519,119.83624802,32.30556519,119.83624802,0.3000,0.00,0,-1,orb,0,1,-1
279,1795.00,32.32896420,119.81301372,32.30556519,119.83624802,32.30556519,119.83624802,0.4167,3400.30,1,948,orb,5,1,-1
280,1803.00,32.33039604,119.84162320,32.30556519,119.83624802,32.30556519,119.83624802,0.4867,2810.04,1,1007,orb,8,1,-1
281,1810.00,32.35241103,119.87329825,32.30556519,119.83624802,32.30556519,119.83624802,0.4633,6272.37,1,1607,orb,7,1,-1
282,1818.00,32.28997986,119.86681851,32.30556519,119.83624802,32.30556519,119.83624802,0.4633,3358.61,1,29,orb,7,1,-1
283,1825.00,32.32259801,119.88053976,32.30556519,119.83624802,32.30556519,119.83624802,0.4867,4577.70,1,845,orb,8,1,31
284,1832.00,32.29427048,119.81328615,32.30556519,119.83624802,32.30556519,119.83624802,0.5100,2499.33,1,94,orb,9,1,-1
285,1840.00,32.33161331,119.86758027,32.30556519,119.83624802,32.30556519,119.83624802,0.4167,4134.68,1,1064,orb,5,1,-1
286,1847.00,32.30556519,119.83624802,32.30556519,119.83624802,32.30556519,119.83624802,0.3000,0.00,0,-1,orb,0,1,-1
287,1855.00,32.30556519,119.83624802,32.30556519,119.83624802,32.30556519,119.83624802,0.3000,0.00,0,-1,orb,0,1,-1
288,1901.00,32.30556519,119.83624802,32.30556519,119.83624802,32.30556519,119.83624802,0.3000,0.00,0,-1,orb,0,1,-1
289,1905.00,32.30556519,119.83624802,32.30556519,119.83624802,32.30556519,119.83624802,0.0000,0.00,0,-1,orb,0,0,-1
290,1908.00,32.35551657,119.81623746,32.30556519,119.83624802,32.30556519,119.83624802,0.4167,5870.57,1,1625,orb,5,1,-1
291,1912.00,32.31256929,119.84856001,32.30556519,119.83624802,32.30556519,119.83624802,0.4400,1396.19,1,560,orb,6,1,-1
292,1916.00,32.32170752,119.86730096,32.30556519,119.83624802,32.30556519,119.83624802,0.5333,3429.63,1,839,orb,10,1,-1
293,1920.00,32.30556519,119.83624802,32.30556519,119.83624802,32.30556519,119.83624802,0.3000,0.00,0,-1,orb,0,1,-1
294,1924.00,32.30556519,119.83624802,32.30556519,119.83624802,32.30556519,119.83624802,0.3000,0.00,0,-1,orb,0,1,-1
295,1927.00,32.29437776,119.83333480,32.30556519,119.83624802,32.30556519,119.83624802,0.4867,1275.18,1,103,orb,8,1,2
296,1931.00,32.33286276,119.83255453,32.30556519,119.83624802,32.30556519,119.83624802,0.4400,3058.56,1,1092,orb,6,1,-1
297,1935.00,32.32881891,119.85231698,32.30556519,119.83624802,32.30556519,119.83624802,0.4167,2997.64,1,1012,orb,5,1,-1
298,1939.00,32.29867329,119.80946570,32.30556519,119.83624802,32.30556519,119.83624802,0.4867,2633.66,1,227,orb,8,1,-1
299,1943.00,32.30843961,119.81873170,32.30556519,119.83624802,32.30556519,119.83624802,0.4400,1678.55,1,456,orb,6,1,-1
300,1947.00,32.29029099,119.89667220,32.30556519,119.83624802,32.30556519,119.83624802,0.3933,5933.01,1,43,orb,4,1,-1
301,1951.00,32.30556519,119.83624802,32.30556519,119.83624802,32.30556519,119.83624802,0.3000,0.00,0,-1,orb,0,1,-1
302,1954.00,32.30556519,119.83624802,32.30556519,119.83624802,32.30556519,119.83624802,0.3000,0.00,0,-1,orb,0,1,-1
303,1958.00,32.34268272,119.82441159,32.30556519,119.83624802,32.30556519,119.83624802,0.4633,4279.32,1,1314,orb,7,1,-1
304,1962.00,32.30556519,119.83624802,32.30556519,119.83624802,32.30556519,119.83624802,0.0000,0.00,0,-1,orb,0,0,-1
305,1966.00,32.30556519,119.83624802,32.30556519,119.83624802,32.30556519,119.83624802,0.3000,0.00,0,-1,orb,0,1,-1
306,1970.00,32.34228575,119.82420846,32.30556519,119.83624802,32.30556519,119.83624802,0.4400,4241.73,1,1314,orb,6,1,-1
307,1974.00,32.29039828,119.86460357,32.30556519,119.83624802,32.30556519,119.83624802,0.4400,3156.87,1,28,orb,6,1,-1
308,1977.00,32.31625910,119.83576557,32.30556519,119.83624802,32.31571717,119.83579001,0.7433,1191.31,0,644,orb,19,1,-1
309,1981.00,32.33247652,119.85816880,32.31908705,119.83563798,32.31908705,119.83563798,0.4400,2591.12,1,1104,orb,6,1,-1
310,1985.00,32.31204358,119.84670057,32.32245694,119.83548595,32.32245694,119.83548595,0.4167,1567.40,1,559,orb,5,1,-1
311,1988.00,32.31028987,119.85091460,32.32498435,119.83537193,32.32498435,119.83537193,0.4400,2193.99,1,516,orb,6,1,-1
312,1992.00,32.30485709,119.83953523,32.32835423,119.83521990,32.32835423,119.83521990,0.4633,2647.02,1,376,orb,7,1,-1
313,1996.00,32.34647981,119.85191070,32.33172412,119.83506787,32.33172412,119.83506787,0.5100,2282.22,1,1417,orb,9,1,-1
314,2000.00,32.30720088,119.83878616,32.33509400,119.83491584,32.33509400,119.83491584,0.4633,3126.33,1,421,orb,7,1,-1
315,2003.00,32.31609816,119.83019994,32.33762141,119.83480181,32.33762141,119.83480181,0.4867,2434.76,1,641,orb,8,1,-1
316,2007.00,32.29032318,119.88885356,32.34099130,119.83464978,32.34099130,119.83464978,0.3933,7603.52,1,39,orb,4,1,-1
317,2011.00,32.29036610,119.87113410,32.34436118,119.83449775,32.34436118,119.83449775,0.4400,6928.68,1,31,orb,6,1,-1
318,2015.00,32.29432412,119.81332424,32.34773106,119.83434572,32.29432412,119.81332424,0.4400,6265.51,1,94,orb,6,1,-1
319,2019.00,32.34267690,119.89834120,32.29432412,119.81332424,32.29432412,119.81332424,0.4400,9640.25,1,1394,orb,6,1,-1
320,2022.00,32.29985346,119.80811410,32.29432412,119.81332424,32.29432412,119.81332424,0.4400,786.82,1,226,orb,6,1,-1
321,2026.00,32.34091828,119.84777285,32.29432412,119.81332424,32.29432412,119.81332424,0.4400,6115.97,1,1280,orb,6,1,-1
322,2030.00,32.34075735,119.80733964,32.29432412,119.81332424,32.29432412,119.81332424,0.4400,5199.52,1,1261,orb,6,1,-1
323,2034.00,32.34059642,119.84419362,32.29432412,119.81332424,32.29432412,119.81332424,0.3933,5913.19,1,1278,orb,4,1,-1
324,2037.00,32.30670736,119.83987803,32.29432412,119.81332424,32.29432412,119.81332424,0.4867,2853.06,1,421,orb,8,1,-1
325,2041.00,32.30646059,119.83994151,32.29432412,119.81332424,32.29432412,119.81332424,0.4633,2845.14,1,421,orb,7,1,-1
326,2045.00,32.29432412,119.81332424,32.29432412,119.81332424,32.29432412,119.81332424,0.3000,0.00,0,-1,orb,0,1,-1
327,2049.00,32.31647858,119.84134389,32.29432412,119.81332424,32.29432412,119.81332424,0.4867,3609.70,1,692,orb,8,1,-1
328,2053.00,32.31046153,119.84411745,32.29432412,119.81332424,32.29432412,119.81332424,0.5100,3408.55,1,513,orb,9,1,-1
329,2057.00,32.29432412,119.81332424,32.29432412,119.81332424,32.29432412,119.81332424,0.0000,0.00,0,-1,orb,0,0,-1
330,2061.00,32.29432412,119.81332424,32.29432412,119.81332424,32.29432412,119.81332424,0.3000,0.00,0,-1,orb,0,1,-1
331,2064.00,32.30486200,119.83973837,32.29432412,119.81332424,32.29432412,119.81332424,0.4167,2747.79,1,421,orb,5,1,-1
332,2068.00,32.32542951,119.88305940,32.29432412,119.81332424,32.29432412,119.81332424,0.4167,7417.82,1,936,orb,5,1,-1
333,2072.00,32.29432412,119.81332424,32.29432412,119.81332424,32.29432412,119.81332424,0.3000,0.00,0,-1,orb,0,1,-1
334,2076.00,32.30561302,119.83942097,32.29432412,119.81332424,32.29432412,119.81332424,0.4167,2757.89,1,421,orb,5,1,-1
335,2079.00,32.29473181,119.81432723,32.29432412,119.81332424,32.29432412,119.81332424,0.4400,104.70,1,94,orb,6,1,-1
336,2083.00,32.29019443,119.88289435,32.29432412,119.81332424,32.29432412,119.81332424,0.4400,6560.64,1,36,orb,6,1,-1
337,2087.00,32.31916570,119.89568879,32.29432412,119.81332424,32.29432412,119.81332424,0.3933,8226.80,1,762,orb,4,1,-1
338,2091.00,32.29432412,119.81332424,32.29432412,119.81332424,32.29432412,119.81332424,0.3000,0.00,0,-1,orb,0,1,-1
339,2094.00,32.31255856,119.84869966,32.29432412,119.81332424,32.29432412,119.81332424,0.5567,3898.02,1,560,orb,11,1,-1
340,2098.00,32.32622344,119.81442880,32.29432412,119.81332424,32.29432412,119.81332424,0.5333,3552.55,1,904,orb,10,1,-1
341,2102.00,32.29432412,119.81332424,32.29432412,119.81332424,32.29432412,119.81332424,0.0000,0.00,0,-1,orb,0,0,-1
342,2106.00,32.29432412,119.81332424,32.29432412,119.81332424,32.29432412,119.81332424,0.3000,0.00,0,-1,orb,0,1,-1
343,2109.00,32.32478087,119.89335959,32.29432412,119.81332424,32.29432412,119.81332424,0.4867,8257.17,1,896,orb,8,1,-1
344,2113.00,32.31809863,119.86327737,32.29432412,119.81332424,32.29432412,119.81332424,0.4400,5393.16,1,702,orb,6,1,-1
345,2117.00,32.29961743,119.81039252,32.29432412,119.81332424,32.29432412,119.81332424,0.5567,650.60,1,227,orb,11,1,-1
346,2121.00,32.30421336,119.80945301,32.29432412,119.81332424,32.29432412,119.81332424,0.4400,1159.54,1,362,orb,6,1,-1
347,2125.00,32.29020516,119.86693277,32.29432412,119.81332424,32.29432412,119.81332424,0.4400,5063.80,1,29,orb,6,1,-1
348,2128.00,32.30868637,119.85352311,32.29432412,119.81332424,32.29432412,119.81332424,0.4400,4105.63,1,472,orb,6,1,-1
349,2132.00,32.30102781,119.80650859,32.29432412,119.81332424,32.29432412,119.81332424,0.4400,983.86,1,270,orb,6,1,-1
350,2136.00,32.30035190,119.81254397,32.29432412,119.81332424,32.29432412,119.81332424,0.4633,675.01,1,273,orb,7,1,-1
351,2139.00,32.31677899,119.82052766,32.29432412,119.81332424,32.29432412,119.81332424,0.4867,2589.90,1,682,orb,8,1,-1
352,2143.00,32.29853382,119.80960536,32.29432412,119.81332424,32.29853382,119.80960536,0.4633,584.80,1,227,orb,7,1,-1
353,2147.00,32.32320955,119.81478429,32.29853382,119.80960536,32.29853382,119.80960536,0.3933,2789.77,1,814,orb,4,1,-1
354,2151.00,32.29480692,119.89020515,32.29853382,119.80960536,32.29853382,119.80960536,0.4867,7593.43,1,130,orb,8,1,-1
355,2155.00,32.31462832,119.87039192,32.29853382,119.80960536,32.29853382,119.80960536,0.4867,5992.35,1,660,orb,8,1,1
356,2158.00,32.30016951,119.80619118,32.29853382,119.80960536,32.29853382,119.80960536,0.4400,369.20,1,270,orb,6,1,-1
357,2162.00,32.33678860,119.89672299,32.29853382,119.80960536,32.29853382,119.80960536,0.4400,9235.62,1,1213,orb,6,1,-1
358,2166.00,32.29158336,119.85920300,32.29853382,119.80960536,32.29853382,119.80960536,0.5100,4729.41,1,70,orb,9,1,-1
359,2170.00,32.30751693,119.84209296,32.29853382,119.80960536,32.29853382,119.80960536,0.5567,3215.58,1,467,orb,11,1,-1
360,2174.00,32.30170373,119.81436532,32.29853382,119.80960536,32.29853382,119.80960536,0.4400,570.11,1,274,orb,6,1,-1
361,2177.00,32.33788785,119.85182183,32.29853382,119.80960536,32.29853382,119.80960536,0.5100,5913.01,1,1237,orb,9,1,-1
362,2181.00,32.29955305,119.82248867,32.29853382,119.80960536,32.29955305,119.82248867,0.4633,1217.24,1,233,orb,7,1,-1
363,2185.00,32.31024696,119.85099077,32.29955305,119.82248867,32.29955305,119.82248867,0.5100,2933.61,1,516,orb,9,1,-1
364,2189.00,32.30753839,119.84210565,32.29955305,119.82248867,32.29955305,119.82248867,0.5333,2048.33,1,467,orb,10,1,-1
365,2193.00,32.30207924,119.86274413,32.29955305,119.82248867,32.29955305,119.82248867,0.4867,3797.29,1,297,orb,8,1,-1
366,2197.00,32.29254896,119.86268065,32.29955305,119.82248867,32.29955305,119.82248867,0.4167,3860.45,1,72,orb,5,1,-1
367,2200.00,32.30761349,119.86301075,32.29955305,119.82248867,32.29955305,119.82248867,0.4633,3916.13,1,477,orb,7,1,-1
368,2204.00,32.30490001,119.81043061,32.29955305,119.82248867,32.29955305,119.82248867,0.4400,1281.00,1,362,orb,6,1,-1
369,2208.00,32.32189573,119.81107122,32.29955305,119.82248867,32.29955305,119.82248867,0.4167,2709.18,1,768,orb,5,1,-1
370,2212.00,32.31647858,119.84134389,32.29955305,119.82248867,32.29955305,119.82248867,0.5333,2587.69,1,692,orb,10,1,-1
371,2215.00,32.31698284,119.84134389,32.29955305,119.82248867,32.29955305,119.82248867,0.5100,2628.84,1,692,orb,9,1,-1
372,2219.00,32.29283863,119.85847932,32.29955305,119.82248867,32.29283863,119.85847932,0.4167,3467.19,1,70,orb,5,1,-1
373,2223.00,32.29331561,119.80856428,32.29283863,119.85847932,32.29283863,119.85847932,0.4633,4695.85,1,92,orb,7,1,-1
374,2227.00,32.34075735,119.81422566,32.29283863,119.85847932,32.29283863,119.85847932,0.5333,6766.48,1,1264,orb,10,1,-1
375,2231.00,32.33242870,119.86855787,32.29283863,119.85847932,32.29283863,119.85847932,0.4633,4507.99,1,1064,orb,7,1,-1
376,2234.00,32.32090868,119.81263284,32.29283863,119.85847932,32.29283863,119.85847932,0.4633,5325.83,1,768,orb,7,1,-1
377,2238.00,32.31862926,119.82111168,32.29283863,119.85847932,32.29283863,119.85847932,0.4400,4538.65,1,727,orb,6,1,-1
378,2242.00,32.29457088,119.81479699,32.29283863,119.85847932,32.29283863,119.85847932,0.4633,4113.75,1,94,orb,7,1,-1
379,2246.00,32.31924080,119.89453345,32.29283863,119.85847932,32.29283863,119.85847932,0.4400,4487.92,1,762,orb,6,1,-1
380,2250.00,32.32539732,119.82164492,32.29283863,119.85847932,32.29283863,119.85847932,0.4633,5014.28,1,907,orb,7,1,-1
381,2254.00,32.31024696,119.85099077,32.29283863,119.85847932,32.29283863,119.85847932,0.5333,2061.96,1,516,orb,10,1,-1
382,2258.00,32.30163935,119.88634661,32.29283863,119.85847932,32.30163935,119.88634661,0.4633,2798.58,1,308,orb,7,1,-1
383,2262.00,32.35529126,119.85007665,32.30163935,119.88634661,32.30163935,119.88634661,0.4400,6878.41,1,1641,orb,6,1,-1
384,2308.00,32.31724033,119.85269786,32.30163935,119.88634661,32.30163935,119.88634661,0.4867,3610.49,1,697,orb,8,1,-1
385,2315.00,32.34647981,119.87789316,32.30163935,119.88634661,32.30163935,119.88634661,0.4400,5054.59,1,1429,orb,6,1,-1
386,2322.00,32.29346581,119.80935144,32.30163935,119.88634661,32.30163935,119.88634661,0.4400,7299.92,1,92,orb,6,1,-1
387,2330.00,32.29404517,119.85514132,32.30163935,119.88634661,32.30163935,119.88634661,0.4400,3054.81,1,113,orb,6,1,5
388,2337.00,32.30143551,119.85501436,32.30163935,119.88634661,32.30163935,119.88634661,0.4633,2947.54,1,293,orb,7,1,-1
389,2344.00,32.30473907,119.86681851,32.30163935,119.88634661,32.30163935,119.88634661,0.4867,1869.15,1,389,orb,8,1,-1
390,2352.00,32.30878293,119.83728221,32.30163935,119.88634661,32.30163935,119.88634661,0.4867,4683.53,1,465,orb,8,1,45
391,2360.00,32.32282331,119.89687534,32.30163935,119.88634661,32.30163935,119.88634661,0.5800,2557.75,1,853,orb,12,1,-1
392,2368.00,32.31647858,119.84133119,32.30163935,119.88634661,32.31647858,119.84133119,0.5333,4545.43,1,692,orb,10,1,-1
393,2377.00,32.34481194,119.89906488,32.31647858,119.84133119,32.31647858,119.84133119,0.5100,6280.48,1,1394,orb,9,1,-1
394,2384.00,32.29478546,119.81428914,32.31647858,119.84133119,32.31647858,119.84133119,0.4400,3507.55,1,94,orb,6,1,-1
395,2392.00,32.29890933,119.80965614,32.31647858,119.84133119,32.31647858,119.84133119,0.4867,3564.24,1,227,orb,8,1,-1
396,2400.00,32.30850398,119.83940827,32.31647858,119.84133119,32.31647858,119.84133119,0.4167,905.98,1,466,orb,5,1,-1
397,2407.00,32.31040789,119.87613529,32.31647858,119.84133119,32.31647858,119.84133119,0.3933,3343.07,1,528,orb,4,1,-1
398,2414.00,32.31057955,119.84432059,32.31647858,119.84133119,32.31647858,119.84133119,0.4867,714.36,1,513,orb,8,1,-1
399,2421.00,32.31647858,119.84133119,32.31647858,119.84133119,32.31647858,119.84133119,0.3000,0.00,0,-1,orb,0,1,-1
400,2429.00,32.30825722,119.84206757,32.31647858,119.84133119,32.31647858,119.84133119,0.4633,917.82,1,467,orb,7,1,-1
401,2437.00,32.33278766,119.83696481,32.31647858,119.84133119,32.31647858,119.84133119,0.4400,1861.41,1,1095,orb,6,1,-1
402,2445.00,32.31773385,119.82470360,32.31647858,119.84133119,32.31647858,119.84133119,0.4867,1570.40,1,684,orb,8,1,-1
403,2453.00,32.30492146,119.83968758,32.31647858,119.84133119,32.31647858,119.84133119,0.4167,1295.80,1,376,orb,5,1,-1
404,2461.00,32.33900364,119.80835533,32.31647858,119.84133119,32.31647858,119.84133119,0.3933,3988.77,1,1216,orb,4,1,-1
405,2469.00,32.31011821,119.87679549,32.31647858,119.84133119,32.31647858,119.84133119,0.4167,3410.46,1,528,orb,5,1,-1
406,2478.00,32.31343251,119.87122298,32.31647858,119.84133119,32.31647858,119.84133119,0.3933,2832.31,1,616,orb,4,1,-1
407,2486.00,32.30747401,119.84214374,32.31647858,119.84133119,32.31647858,119.84133119,0.4633,1005.30,1,467,orb,7,1,-1
408,2494.00,32.30744183,119.84204217,32.31647858,119.84133119,32.31647858,119.84133119,0.4167,1008.19,1,467,orb,5,1,-1
409,2501.00,32.30676100,119.84680213,32.31647858,119.84133119,32.30676100,119.84680213,0.5100,1197.95,1,424,orb,9,1,-1
410,2509.00,32.29174429,119.85880942,32.30676100,119.84680213,32.30676100,119.84680213,0.4867,2017.50,1,70,orb,8,1,-1
411,2517.00,32.32542460,119.82170840,32.30676100,119.84680213,32.30676100,119.84680213,0.4633,3144.67,1,862,orb,7,1,-1
412,2525.00,32.29434558,119.81334963,32.30676100,119.84680213,32.30676100,119.84680213,0.4633,3437.03,1,94,orb,7,1,-1
413,2533.00,32.29255968,119.86097356,32.30676100,119.84680213,32.30676100,119.84680213,0.4400,2067.95,1,71,orb,6,1,-1
414,2540.00,32.29010860,119.89836078,32.30676100,119.84680213,32.30676100,119.84680213,0.4633,5192.34,1,43,orb,7,1,-1
415,2548.00,32.29756331,119.80989737,32.30676100,119.84680213,32.30676100,119.84680213,0.4167,3619.50,1,182,orb,5,1,-1
416,2556.00,32.32173970,119.89264861,32.30676100,119.84680213,32.30676100,119.84680213,0.4633,4623.93,1,851,orb,7,1,-1
417,2563.00,32.30676100,119.84680213,32.30676100,119.84680213,32.30676100,119.84680213,0.3000,0.00,0,-1,orb,0,1,-1
418,2572.00,32.32068337,119.81300103,32.30676100,119.84680213,32.30676100,119.84680213,0.5567,3537.30,1,768,orb,11,1,-1
419,2580.00,32.30590852,119.84906785,32.30676100,119.84680213,32.30676100,119.84680213,0.4400,233.31,1,380,orb,6,1,-1
420,2588.00,32.29988565,119.88609269,32.30676100,119.84680213,32.30676100,119.84680213,0.4400,3774.50,1,263,orb,6,1,5
421,2595.00,32.29424902,119.81130664,32.30676100,119.84680213,32.30676100,119.84680213,0.4167,3617.94,1,92,orb,5,1,-1
422,2603.00,32.29439922,119.83318245,32.30676100,119.84680213,32.30676100,119.84680213,0.4867,1880.21,1,103,orb,8,1,-1
423,2610.00,32.30099563,119.81271483,32.30676100,119.84680213,32.30676100,119.84680213,0.4400,3270.22,1,274,orb,6,1,-1
424,2618.00,32.30505512,119.83972567,32.30676100,119.84680213,32.30676100,119.84680213,0.4633,692.24,1,421,orb,7,1,-1
425,2626.00,32.32796642,119.81213769,32.30676100,119.84680213,32.30676100,119.84680213,0.4633,4025.66,1,948,orb,7,1,-1
426,2633.00,32.32843849,119.87986687,32.30676100,119.84680213,32.30676100,119.84680213,0.5100,3936.75,1,980,orb,9,1,-1
427,2641.00,32.34505288,119.86254100,32.30676100,119.84680213,32.34505288,119.86254100,0.6967,4512.46,1,1422,orb,17,1,-1
428,2648.00,32.31157151,119.85156210,32.34505288,119.86254100,32.34505288,119.86254100,0.4400,3867.59,1,561,orb,6,1,-1
429,2656.00,32.29006569,119.89982664,32.34505288,119.86254100,32.34505288,119.86254100,0.4867,7054.87,1,44,orb,8,1,-1
430,2663.00,32.35347318,119.84708145,32.34505288,119.86254100,32.34505288,119.86254100,0.5100,1730.20,1,1594,orb,9,1,-1
431,2670.00,32.34505288,119.86254100,32.34505288,119.86254100,32.34505288,119.86254100,0.3000,0.00,0,-1,orb,0,1,-1
432,2677.00,32.29178721,119.83183666,32.34505288,119.86254100,32.34505288,119.86254100,0.4167,6595.61,1,58,orb,5,1,-1
433,2685.00,32.34505288,119.86254100,32.34505288,119.86254100,32.34505288,119.86254100,0.3000,0.00,0,-1,orb,0,1,-1
434,2693.00,32.33507781,119.87165464,32.34505288,119.86254100,32.34505288,119.86254100,0.4867,1402.87,1,1156,orb,8,1,-1
435,2701.00,32.31704139,119.88404281,32.34505288,119.86254100,32.34505288,119.86254100,0.4400,3716.81,1,757,orb,6,1,-1
436,2708.00,32.29275771,119.80608961,32.34505288,119.86254100,32.34505288,119.86254100,0.4167,7879.75,1,90,orb,5,1,-1
437,2716.00,32.34505288,119.86254100,32.34505288,119.86254100,32.34505288,119.86254100,0.3000,0.00,0,-1,orb,0,1,-1
438,2724.00,32.29209834,119.86264945,32.34505288,119.86254100,32.34505288,119.86254100,0.4167,5894.91,1,71,orb,5,1,-1
439,2731.00,32.34505288,119.86254100,32.34505288,119.86254100,32.34505288,119.86254100,0.3000,0.00,0,-1,orb,0,1,-1
440,2738.00,32.34505288,119.86254100,32.34505288,119.86254100,32.34505288,119.86254100,0.3000,0.00,0,-1,orb,0,1,-1
441,2746.00,32.34505288,119.86254100,32.34505288,119.86254100,32.34505288,119.86254100,0.3000,0.00,0,-1,orb,0,1,-1
442,2753.00,32.34505288,119.86254100,32.34505288,119.86254100,32.34505288,119.86254100,0.3000,0.00,0,-1,orb,0,1,-1
443,2761.00,32.34505288,119.86254100,32.34505288,119.86254100,32.34505288,119.86254100,0.3000,0.00,0,-1,orb,0,1,-1
444,2768.00,32.34505288,119.86254100,32.34505288,119.86254100,32.34505288,119.86254100,0.3000,0.00,0,-1,orb,0,1,-1
445,2775.00,32.34505288,119.86254100,32.34505288,119.86254100,32.34505288,119.86254100,0.3000,0.00,0,-1,orb,0,1,-1
446,2783.00,32.31600160,119.86703434,32.34505288,119.86254100,32.34505288,119.86254100,0.4400,3261.49,1,659,orb,6,1,-1
447,2791.00,32.34505288,119.86254100,32.34505288,119.86254100,32.34505288,119.86254100,0.3000,0.00,0,-1,orb,0,1,-1
448,2798.00,32.34505288,119.86254100,32.34505288,119.86254100,32.34505288,119.86254100,0.3000,0.00,0,-1,orb,0,1,-1
449,2806.00,32.35488357,119.85128278,32.34505288,119.86254100,32.34505288,119.86254100,0.3933,1522.90,1,1641,orb,4,1,-1
450,2813.00,32.30915262,119.84310865,32.34505288,119.86254100,32.34505288,119.86254100,0.4633,4394.65,1,512,orb,7,1,-1
451,2820.00,32.34300458,119.87192126,32.34505288,119.86254100,32.34505288,119.86254100,0.4867,911.39,1,1336,orb,8,1,-1
452,2828.00,32.31033279,119.83953523,32.34505288,119.86254100,32.34505288,119.86254100,0.4400,4429.69,1,511,orb,6,1,-1
453,2835.00,32.29503713,119.89446997,32.34505288,119.86254100,32.34505288,119.86254100,0.3933,6326.25,1,177,orb,4,1,-1
454,2843.00,32.32405131,119.87351408,32.34505288,119.86254100,32.34505288,119.86254100,0.4633,2555.64,1,887,orb,7,1,-1
455,2850.00,32.34505288,119.86254100,32.34505288,119.86254100,32.34505288,119.86254100,0.3000,0.00,0,-1,orb,0,1,-1
456,2857.00,32.34505288,119.86254100,32.34505288,119.86254100,32.34505288,119.86254100,0.3000,0.00,0,-1,orb,0,1,-1
457,2865.00,32.30231527,119.81454307,32.34505288,119.86254100,32.34505288,119.86254100,0.4633,6559.07,1,274,orb,7,1,-1
458,2872.00,32.29457088,119.88992584,32.34505288,119.86254100,32.34505288,119.86254100,0.4867,6181.98,1,130,orb,8,1,-1
459,2880.00,32.33868178,119.81724045,32.34505288,119.86254100,32.34505288,119.86254100,0.5100,4320.07,1,1220,orb,9,1,-1
460,2887.00,32.29048411,119.86473053,32.34505288,119.86254100,32.34505288,119.86254100,0.4400,6078.09,1,28,orb,6,1,-1
461,2894.00,32.29856600,119.80960536,32.34505288,119.86254100,32.34505288,119.86254100,0.4400,7181.72,1,227,orb,6,1,9
462,2902.00,32.29291373,119.88838380,32.34505288,119.86254100,32.34505288,119.86254100,0.4167,6292.69,1,84,orb,5,1,-1
463,2910.00,32.34436133,119.88439830,32.34505288,119.86254100,32.34505288,119.86254100,0.4400,2057.57,1,1387,orb,6,1,-1
464,2918.00,32.29953160,119.85232967,32.34505288,119.86254100,32.34505288,119.86254100,0.4167,5157.67,1,247,orb,5,1,-1
465,2925.00,32.34505288,119.86254100,32.34505288,119.86254100,32.34505288,119.86254100,0.3000,0.00,0,-1,orb,0,1,-1
466,2933.00,32.34505288,119.86254100,32.34505288,119.86254100,32.34505288,119.86254100,0.0000,0.00,0,-1,orb,0,0,-1
467,2941.00,32.29021589,119.85544603,32.34505288,119.86254100,32.34505288,119.86254100,0.4400,6140.83,1,23,orb,6,1,-1
468,2949.00,32.31646785,119.84134389,32.34505288,119.86254100,32.34505288,119.86254100,0.5100,3755.24,1,692,orb,9,1,-1
469,2956.00,32.32263020,119.89682455,32.34505288,119.86254100,32.34505288,119.86254100,0.4400,4078.19,1,853,orb,6,1,-1
470,2963.00,32.29242021,119.86082121,32.34505288,119.86254100,32.34505288,119.86254100,0.4167,5861.30,1,71,orb,5,1,-1
471,2970.00,32.32651312,119.85915221,32.34505288,119.86254100,32.34505288,119.86254100,0.4633,2088.32,1,925,orb,7,1,-1
472,2977.00,32.34505288,119.86254100,32.34505288,119.86254100,32.34505288,119.86254100,0.3000,0.00,0,-1,orb,0,1,-1
473,2985.00,32.34505288,119.86254100,32.34505288,119.86254100,32.34505288,119.86254100,0.3000,0.00,0,-1,orb,0,1,-1
474,2992.00,32.34505288,119.86254100,32.34505288,119.86254100,32.34505288,119.86254100,0.3000,0.00,0,-1,orb,0,1,-1
475,2999.00,32.34505288,119.86254100,32.34505288,119.86254100,32.34505288,119.86254100,0.3000,0.00,0,-1,orb,0,1,-1
476,3006.00,32.30943157,119.84729728,32.34505288,119.86254100,32.34505288,119.86254100,0.4633,4216.69,1,514,orb,7,1,-1
477,3014.00,32.31470342,119.89211538,32.34505288,119.86254100,32.34505288,119.86254100,0.5333,4376.56,1,671,orb,10,1,-1
478,3021.00,32.30919062,119.85271056,32.34505288,119.86254100,32.34505288,119.86254100,0.4400,4097.89,1,472,orb,6,1,-1
479,3029.00,32.35476555,119.86669154,32.34505288,119.86254100,32.34505288,119.86254100,0.4867,1149.55,1,1649,orb,8,1,-1
480,3076.00,32.29048411,119.88222146,32.34505288,119.86254100,32.34505288,119.86254100,0.4633,6350.45,1,36,orb,7,1,-1
481,3080.00,32.33767909,119.80561986,32.34505288,119.86254100,32.34505288,119.86254100,0.4400,5417.17,1,1170,orb,6,1,-1
482,3083.00,32.32247999,119.80952918,32.34505288,119.86254100,32.34505288,119.86254100,0.3933,5584.18,1,812,orb,4,1,-1
483,3087.00,32.35520543,119.85110504,32.34505288,119.86254100,32.34505288,119.86254100,0.3933,1560.33,1,1641,orb,4,1,-1
484,3091.00,32.34374978,119.87175621,32.34505288,119.86254100,32.34505288,119.86254100,0.4400,878.94,1,1381,orb,6,1,-1
485,3095.00,32.29008715,119.85545872,32.34505288,119.86254100,32.29008715,119.85545872,0.4633,6154.95,1,23,orb,7,1,-1
486,3099.00,32.31261221,119.84844574,32.29008715,119.85545872,32.29008715,119.85545872,0.4400,2592.82,1,560,orb,6,1,-1
487,3103.00,32.29433485,119.81332424,32.29008715,119.85545872,32.29008715,119.85545872,0.4400,3991.73,1,94,orb,6,1,-1
488,3107.00,32.32725832,119.89316915,32.29008715,119.85545872,32.29008715,119.85545872,0.4633,5450.37,1,986,orb,7,1,-1
489,3111.00,32.30750620,119.84208026,32.29008715,119.85545872,32.29008715,119.85545872,0.5100,2311.70,1,467,orb,9,1,-1
490,3115.00,32.30750620,119.84208026,32.29008715,119.85545872,32.29008715,119.85545872,0.5100,2311.70,1,467,orb,9,1,8
491,3119.00,32.29479037,119.88608000,32.29008715,119.85545872,32.29008715,119.85545872,0.4633,2927.76,1,173,orb,7,1,-1
492,3122.00,32.29008715,119.85545872,32.29008715,119.85545872,32.29008715,119.85545872,0.3000,0.00,0,-1,orb,0,1,-1
493,3126.00,32.33786148,119.85585230,32.29008715,119.85545872,32.29008715,119.85545872,0.4400,5318.37,1,1193,orb,6,1,-1
494,3130.00,32.31746563,119.81963313,32.29008715,119.85545872,32.29008715,119.85545872,0.4633,4543.87,1,681,orb,7,1,-1
495,3134.00,32.33793658,119.82485596,32.29008715,119.85545872,32.29008715,119.85545872,0.4633,6054.77,1,1179,orb,7,1,1
496,3138.00,32.30430992,119.81763984,32.29008715,119.85545872,32.29008715,119.85545872,0.5567,3894.05,1,366,orb,11,1,-1
497,3142.00,32.29030172,119.88856154,32.29008715,119.85545872,32.29008715,119.85545872,0.5100,3114.10,1,39,orb,9,1,-1
498,3146.00,32.35476555,119.86816429,32.29008715,119.85545872,32.29008715,119.85545872,0.4867,7298.53,1,1649,orb,8,1,-1
499,3150.00,32.29008715,119.85545872,32.29008715,119.85545872,32.29008715,119.85545872,0.3000,0.00,0,-1,orb,0,1,-1
500,3154.00,32.29008715,119.85545872,32.29008715,119.85545872,32.29008715,119.85545872,0.3000,0.00,0,-1,orb,0,1,-1
501,3158.00,32.29008715,119.85545872,32.29008715,119.85545872,32.29008715,119.85545872,0.3000,0.00,0,-1,orb,0,1,-1
502,3162.00,32.29008715,119.85545872,32.29008715,119.85545872,32.29008715,119.85545872,0.3000,0.00,0,-1,orb,0,1,-1
503,3166.00,32.29008715,119.85545872,32.29008715,119.85545872,32.29008715,119.85545872,0.3000,0.00,0,-1,orb,0,1,-1
504,3169.00,32.29008715,119.85545872,32.29008715,119.85545872,32.29008715,119.85545872,0.3000,0.00,0,-1,orb,0,1,-1
505,3173.00,32.29008715,119.85545872,32.29008715,119.85545872,32.29008715,119.85545872,0.3000,0.00,0,-1,orb,0,1,-1
506,3177.00,32.29008715,119.85545872,32.29008715,119.85545872,32.29008715,119.85545872,0.3000,0.00,0,-1,orb,0,1,-1
507,3181.00,32.29008715,119.85545872,32.29008715,119.85545872,32.29008715,119.85545872,0.3000,0.00,0,-1,orb,0,1,-1
508,3185.00,32.29480110,119.88573720,32.29008715,119.85545872,32.29008715,119.85545872,0.4167,2896.26,1,173,orb,5,1,-1
509,3189.00,32.33493833,119.82179727,32.29008715,119.85545872,32.29008715,119.85545872,0.4633,5912.32,1,1132,orb,7,1,-1
510,3193.00,32.34389999,119.87446629,32.29008715,119.85545872,32.29008715,119.85545872,0.4400,6251.61,1,1382,orb,6,1,-1
511,3197.00,32.29008715,119.85545872,32.29008715,119.85545872,32.29008715,119.85545872,0.3000,0.00,0,-1,orb,0,1,-1
512,3200.00,32.31229034,119.87560205,32.29008715,119.85545872,32.29008715,119.85545872,0.4167,3114.44,1,573,orb,5,1,-1
513,3204.00,32.31769094,119.85226619,32.29008715,119.85545872,32.29008715,119.85545872,0.4400,3087.50,1,697,orb,6,1,-1
514,3208.00,32.34075735,119.80841881,32.29008715,119.85545872,32.29008715,119.85545872,0.6733,7169.23,1,1261,orb,16,1,-1
515,3212.00,32.32410495,119.89698960,32.29008715,119.85545872,32.29008715,119.85545872,0.5100,5440.93,1,898,orb,9,1,-1
516,3216.00,32.29008715,119.85545872,32.29008715,119.85545872,32.29008715,119.85545872,0.3000,0.00,0,-1,orb,0,1,-1
517,3220.00,32.29008715,119.85545872,32.29008715,119.85545872,32.29008715,119.85545872,0.3000,0.00,0,-1,orb,0,1,-1
518,3224.00,32.29008715,119.85545872,32.29008715,119.85545872,32.29008715,119.85545872,0.3000,0.00,0,-1,orb,0,1,-1
519,3228.00,32.29462453,119.80624197,32.29008715,119.85545872,32.29008715,119.85545872,0.3933,4657.33,1,90,orb,4,1,-1
520,3232.00,32.35486211,119.86788498,32.29008715,119.85545872,32.29008715,119.85545872,0.5100,7304.88,1,1649,orb,9,1,-1
521,3236.00,32.29008715,119.85545872,32.29008715,119.85545872,32.29008715,119.85545872,0.3000,0.00,0,-1,orb,0,1,-1
522,3239.00,32.29008715,119.85545872,32.29008715,119.85545872,32.29008715,119.85545872,0.3000,0.00,0,-1,orb,0,1,-1
523,3243.00,32.29008715,119.85545872,32.29008715,119.85545872,32.29008715,119.85545872,0.3000,0.00,0,-1,orb,0,1,-1
524,3247.00,32.29008715,119.85545872,32.29008715,119.85545872,32.29008715,119.85545872,0.0000,0.00,0,-1,orb,0,0,-1
525,3251.00,32.29008715,119.85545872,32.29008715,119.85545872,32.29008715,119.85545872,0.3000,0.00,0,-1,orb,0,1,-1
526,3255.00,32.35139761,119.85523019,32.29008715,119.85545872,32.29008715,119.85545872,0.5100,6825.11,1,1553,orb,9,1,-1
527,3259.00,32.31143204,119.84048744,32.29008715,119.85545872,32.29008715,119.85545872,0.4400,2762.14,1,556,orb,6,1,-1
528,3263.00,32.35273289,119.87004912,32.29008715,119.85545872,32.29008715,119.85545872,0.4400,7107.51,1,1605,orb,6,1,-1
529,3267.00,32.29008715,119.85545872,32.29008715,119.85545872,32.29008715,119.85545872,0.0000,0.00,0,-1,orb,0,0,-1
530,3270.00,32.31313210,119.89220425,32.29008715,119.85545872,32.29008715,119.85545872,0.4633,4304.62,1,626,orb,7,1,-1
531,3274.00,32.32753727,119.85337075,32.29008715,119.85545872,32.29008715,119.85545872,0.5567,4173.57,1,967,orb,11,1,-1
532,3278.00,32.30966760,119.84274046,32.29008715,119.85545872,32.29008715,119.85545872,0.4867,2486.46,1,512,orb,8,1,-1
533,3282.00,32.30117802,119.81342581,32.29008715,119.85545872,32.29008715,119.85545872,0.4400,4142.34,1,274,orb,6,1,-1
534,3285.00,32.29230219,119.85301526,32.29008715,119.85545872,32.29008715,119.85545872,0.4633,337.10,1,67,orb,7,1,-1
535,3289.00,32.29927411,119.81017668,32.29008715,119.85545872,32.29008715,119.85545872,0.5333,4380.76,1,227,orb,10,1,-1
536,3293.00,32.30942084,119.89938228,32.29008715,119.85545872,32.30942084,119.89938228,0.4633,4658.85,1,539,orb,7,1,-1
537,3297.00,32.34298313,119.87190857,32.30942084,119.89938228,32.30942084,119.89938228,0.4633,4542.95,1,1336,orb,7,1,-1
538,3301.00,32.31185046,119.83663471,32.30942084,119.89938228,32.30942084,119.89938228,0.5567,5908.91,1,555,orb,11,1,-1
539,3305.00,32.28994767,119.87207361,32.30942084,119.89938228,32.30942084,119.89938228,0.4167,3361.35,1,31,orb,5,1,-1
540,3309.00,32.29383059,119.80918639,32.30942084,119.89938228,32.30942084,119.89938228,0.4633,8660.47,1,92,orb,7,1,3
541,3313.00,32.30942084,119.89938228,32.30942084,119.89938228,32.30942084,119.89938228,0.3000,0.00,0,-1,orb,0,1,-1
542,3317.00,32.30942084,119.89938228,32.30942084,119.89938228,32.30942084,119.89938228,0.3000,0.00,0,-1,orb,0,1,-1
543,3321.00,32.31241909,119.83686324,32.30942084,119.89938228,32.30942084,119.89938228,0.3933,5890.68,1,555,orb,4,1,-1
544,3325.00,32.35526981,119.85071146,32.30942084,119.89938228,32.30942084,119.89938228,0.4867,6856.57,1,1641,orb,8,1,-1
545,3329.00,32.31158224,119.85930457,32.30942084,119.89938228,32.30942084,119.89938228,0.4867,3777.81,1,565,orb,8,1,-1
546,3333.00,32.32666332,119.88130153,32.30942084,119.89938228,32.30942084,119.89938228,0.4867,2564.60,1,935,orb,8,1,-1
547,3337.00,32.31066538,119.86654608,32.30942084,119.89938228,32.30942084,119.89938228,0.5100,3092.03,1,523,orb,9,1,-1
548,3341.00,32.30754912,119.87093097,32.30942084,119.89938228,32.30942084,119.89938228,0.4167,2684.54,1,481,orb,5,1,-1
549,3345.00,32.31008603,119.84758929,32.30942084,119.89938228,32.30942084,119.89938228,0.4400,4872.77,1,514,orb,6,1,-1
550,3348.00,32.32688863,119.88733002,32.30942084,119.89938228,32.30942084,119.89938228,0.4400,2250.90,1,939,orb,6,1,-1
551,3352.00,32.31023623,119.85096538,32.30942084,119.89938228,32.30942084,119.89938228,0.4867,4555.52,1,516,orb,8,1,-1
552,3356.00,32.29561649,119.86888108,32.30942084,119.89938228,32.29561649,119.86888108,0.3933,3254.87,1,165,orb,4,1,-1
553,3360.00,32.29561649,119.86888108,32.29561649,119.86888108,32.29561649,119.86888108,0.3000,0.00,0,-1,orb,0,1,-1
554,3364.00,32.29561649,119.86888108,32.29561649,119.86888108,32.29561649,119.86888108,0.3000,0.00,0,-1,orb,0,1,-1
555,3368.00,32.31741199,119.82300921,32.29561649,119.86888108,32.29561649,119.86888108,0.4633,4950.53,1,683,orb,7,1,-1
556,3372.00,32.29561649,119.86888108,32.29561649,119.86888108,32.29561649,119.86888108,0.0000,0.00,0,-1,orb,0,0,-1
557,3376.00,32.30383785,119.80956727,32.29561649,119.86888108,32.29561649,119.86888108,0.4400,5654.26,1,362,orb,6,1,-1
558,3380.00,32.34332063,119.89879826,32.29561649,119.86888108,32.29561649,119.86888108,0.4867,6010.08,1,1394,orb,8,1,-1
559,3384.00,32.29561649,119.86888108,32.29561649,119.86888108,32.29561649,119.86888108,0.3000,0.00,0,-1,orb,0,1,-1
560,3388.00,32.29561649,119.86888108,32.29561649,119.86888108,32.29561649,119.86888108,0.3000,0.00,0,-1,orb,0,1,-1
561,3391.00,32.35055003,119.84096300,32.29561649,119.86888108,32.29561649,119.86888108,0.4400,6655.30,1,1547,orb,6,1,-1
562,3395.00,32.32791277,119.85714042,32.29561649,119.86888108,32.29561649,119.86888108,0.4867,3761.04,1,969,orb,8,1,-1
563,3399.00,32.31551881,119.88238651,32.29561649,119.86888108,32.29561649,119.86888108,0.4400,2553.95,1,666,orb,6,1,-1
564,3403.00,32.33240724,119.86829125,32.29561649,119.86888108,32.29561649,119.86888108,0.4867,4095.92,1,1064,orb,8,1,-1
565,3407.00,32.34027455,119.85232967,32.29561649,119.86888108,32.29561649,119.86888108,0.4167,5209.46,1,1282,orb,5,1,-1
566,3411.00,32.30141405,119.86026947,32.29561649,119.86888108,32.29561649,119.86888108,0.4167,1035.75,1,295,orb,5,1,-1
567,3415.00,32.29008715,119.89803068,32.29561649,119.86888108,32.29561649,119.86888108,0.4167,2810.36,1,43,orb,5,1,-1
568,3419.00,32.29432412,119.81326076,32.29561649,119.86888108,32.29561649,119.86888108,0.4867,5234.22,1,94,orb,8,1,21
569,3423.00,32.30716870,119.83874807,32.29561649,119.86888108,32.29561649,119.86888108,0.4633,3112.71,1,421,orb,7,1,-1
570,3427.00,32.29011933,119.88339531,32.29561649,119.86888108,32.29011933,119.88339531,0.4400,1496.23,1,37,orb,6,1,-1
571,3431.00,32.31024696,119.85100347,32.29011933,119.88339531,32.29011933,119.88339531,0.4633,3782.23,1,516,orb,7,1,5
572,3435.00,32.31179682,119.83662890,32.29011933,119.88339531,32.29011933,119.88339531,0.5100,5017.72,1,554,orb,9,1,-1
573,3438.00,32.30902969,119.84711954,32.29011933,119.88339531,32.29011933,119.88339531,0.5100,4009.56,1,469,orb,9,1,-1
574,3442.00,32.33879980,119.81655486,32.29011933,119.88339531,32.29011933,119.88339531,0.4400,8300.74,1,1220,orb,6,1,-1
575,3446.00,32.35370340,119.83093631,32.29011933,119.88339531,32.29011933,119.88339531,0.4167,8628.64,1,1631,orb,5,1,-1
576,3492.00,32.29347654,119.80936413,32.29011933,119.88339531,32.29011933,119.88339531,0.4867,6974.19,1,92,orb,8,1,-1
577,3499.00,32.31080977,119.84706875,32.29011933,119.88339531,32.29011933,119.88339531,0.4400,4121.01,1,559,orb,6,1,-1
578,3506.00,32.35533418,119.85481122,32.29011933,119.88339531,32.29011933,119.88339531,0.4400,7741.69,1,1643,orb,6,1,-1
579,3514.00,32.29436704,119.88984966,32.29011933,119.88339531,32.29011933,119.88339531,0.4400,769.57,1,130,orb,6,1,-1
580,3521.00,32.29011933,119.88339531,32.29011933,119.88339531,32.29011933,119.88339531,0.3000,0.00,0,-1,orb,0,1,-1
581,3529.00,32.29011933,119.88339531,32.29011933,119.88339531,32.29011933,119.88339531,0.3000,0.00,0,-1,orb,0,1,-1
582,3536.00,32.32680280,119.83970028,32.29011933,119.88339531,32.29011933,119.88339531,0.4167,5794.08,1,916,orb,5,1,-1
583,3544.00,32.35328006,119.81959504,32.29011933,119.88339531,32.29011933,119.88339531,0.4633,9244.27,1,1581,orb,7,1,5
584,3551.00,32.29048411,119.85833966,32.29011933,119.88339531,32.29011933,119.88339531,0.4633,2357.35,1,25,orb,7,1,-1
585,3559.00,32.31786260,119.88165013,32.29011933,119.88339531,32.29011933,119.88339531,0.4400,3092.74,1,711,orb,6,1,-1
586,3566.00,32.29541264,119.89686264,32.29011933,119.88339531,32.29011933,119.88339531,0.4167,1397.21,1,178,orb,5,1,-1
587,3573.00,32.33896073,119.82304730,32.29011933,119.88339531,32.29011933,119.88339531,0.4400,7860.62,1,1223,orb,6,1,-1
588,3581.00,32.32065118,119.88782517,32.29011933,119.88339531,32.29011933,119.88339531,0.4167,3424.26,1,804,orb,5,1,-1
589,3588.00,32.31298190,119.83407117,32.29011933,119.88339531,32.29011933,119.88339531,0.4633,5292.12,1,598,orb,7,1,-1
590,3596.00,32.30843961,119.81869361,32.29011933,119.88339531,32.29011933,119.88339531,0.4867,6419.12,1,456,orb,8,1,-1
591,3603.00,32.29003350,119.88344609,32.29011933,119.88339531,32.29003362,119.88344603,0.4400,10.68,0,37,orb,6,1,-1
592,3610.00,32.31011821,119.84260080,32.29002302,119.88345230,32.29002302,119.88345230,0.4633,4446.60,1,512,orb,7,1,-1
593,3618.00,32.30750620,119.84209296,32.29001091,119.88345946,32.29001091,119.88345946,0.5100,4351.54,1,467,orb,9,1,-1
594,3625.00,32.29848599,119.82827013,32.29000031,119.88346573,32.29000031,119.88346573,0.4400,5277.52,1,191,orb,6,1,-1
595,3632.00,32.32488816,119.82022296,32.28998971,119.88347200,32.28998971,119.88347200,0.4400,7105.88,1,862,orb,6,1,-1
596,3640.00,32.31917643,119.85557880,32.28997760,119.88347917,32.28997760,119.88347917,0.4167,4177.77,1,744,orb,5,1,-1
597,3647.00,32.29946722,119.82239980,32.28996700,119.88348544,32.28996700,119.88348544,0.4633,5842.88,1,233,orb,7,1,-1
598,3654.00,32.29428120,119.81346390,32.28995640,119.88349171,32.28995640,119.88349171,0.4400,6605.14,1,94,orb,6,1,-1
599,3662.00,32.29423829,119.80700954,32.28994429,119.88349888,32.28994429,119.88349888,0.4167,7211.27,1,91,orb,5,1,-1
600,3669.00,32.30561302,119.83948445,32.28993369,119.88350515,32.28993369,119.88350515,0.4400,4493.87,1,421,orb,6,1,-1
601,3676.00,32.34893089,119.87275920,32.28992310,119.88351142,32.34893089,119.87275920,0.4633,6646.17,1,1471,orb,7,1,-1
602,3684.00,32.34893089,119.87275920,32.34893089,119.87275920,32.34893089,119.87275920,0.3000,0.00,0,-1,orb,0,1,-1
603,3691.00,32.33276620,119.80581030,32.34893089,119.87275920,32.34893089,119.87275920,0.4167,6549.96,1,1080,orb,5,1,-1
604,3699.00,32.34893089,119.87275920,32.34893089,119.87275920,32.34893089,119.87275920,0.3000,0.00,0,-1,orb,0,1,-1
605,3706.00,32.29430266,119.84965187,32.34893089,119.87275920,32.34893089,119.87275920,0.5100,6458.04,1,110,orb,9,1,-1
606,3714.00,32.31012894,119.86345511,32.34893089,119.87275920,32.34893089,119.87275920,0.5567,4407.22,1,522,orb,11,1,1
607,3721.00,32.31869363,119.82523684,32.34893089,119.87275920,32.34893089,119.87275920,0.4633,5595.99,1,729,orb,7,1,26
608,3729.00,32.29424902,119.84956881,32.34893089,119.87275920,32.34893089,119.87275920,0.5333,6466.29,1,111,orb,10,1,-1
609,3737.00,32.29321905,119.89179216,32.34893089,119.87275920,32.34893089,119.87275920,0.4633,6455.12,1,130,orb,7,1,-1
610,3744.00,32.34893089,119.87275920,32.34893089,119.87275920,32.34893089,119.87275920,0.3000,0.00,0,-1,orb,0,1,-1
611,3752.00,32.29445287,119.83319514,32.34893089,119.87275920,32.34893089,119.87275920,0.5100,7115.48,1,103,orb,9,1,19
612,3760.00,32.29444214,119.83319514,32.34893089,119.87275920,32.34893089,119.87275920,0.5800,7116.50,1,103,orb,12,1,-1
613,3767.00,32.29890933,119.80965614,32.34893089,119.87275920,32.34893089,119.87275920,0.5567,8139.10,1,227,orb,11,1,-1
614,3775.00,32.29953160,119.82241250,32.34893089,119.87275920,32.34893089,119.87275920,0.6033,7257.52,1,233,orb,13,1,-1
615,3782.00,32.29219490,119.80550559,32.34893089,119.87275920,32.34893089,119.87275920,0.4400,8939.56,1,45,orb,6,1,-1
616,3790.00,32.33122707,119.89291523,32.34893089,119.87275920,32.34893089,119.87275920,0.4400,2734.81,1,1076,orb,6,1,-1
617,3798.00,32.32279113,119.89692612,32.34893089,119.87275920,32.34893089,119.87275920,0.4400,3692.66,1,853,orb,6,1,-1
618,3805.00,32.32206157,119.89697691,32.34893089,119.87275920,32.34893089,119.87275920,0.4400,3759.88,1,853,orb,6,1,-1
619,3813.00,32.31604452,119.85753400,32.34893089,119.87275920,32.34893089,119.87275920,0.4400,3931.11,1,654,orb,6,1,-1
620,3821.00,32.31038643,119.84001768,32.34893089,119.87275920,32.31038643,119.84001768,0.4633,5281.78,1,511,orb,7,1,2
621,3828.00,32.31633420,119.83570208,32.31038643,119.84001768,32.31038643,119.84001768,0.4633,776.66,1,644,orb,7,1,-1
622,3836.00,32.30750620,119.84208026,32.31038643,119.84001768,32.31038643,119.84001768,0.4867,374.77,1,467,orb,8,1,-1
623,3844.00,32.30964614,119.84279124,32.31038643,119.84001768,32.31038643,119.84001768,0.4633,273.62,1,512,orb,7,1,-1
624,3852.00,32.33793076,119.83301159,32.31038643,119.84001768,32.31038643,119.84001768,0.4400,3136.27,1,1227,orb,6,1,-1
625,3859.00,32.31038643,119.84001768,32.31038643,119.84001768,32.31038643,119.84001768,0.3000,0.00,0,-1,orb,0,1,-1
626,3867.00,32.29915609,119.81430184,32.31038643,119.84001768,32.31038643,119.84001768,0.4867,2723.05,1,229,orb,8,1,-1
627,3874.00,32.32110179,119.81235353,32.31038643,119.84001768,32.31038643,119.84001768,0.4633,2862.74,1,768,orb,7,1,-1
628,3882.00,32.33799514,119.87809630,32.31038643,119.84001768,32.31038643,119.84001768,0.4633,4719.87,1,1249,orb,7,1,-1
629,3890.00,32.32992397,119.89705308,32.31038643,119.84001768,32.31038643,119.84001768,0.4400,5789.42,1,1033,orb,6,1,-1
630,3897.00,32.31643567,119.84129310,32.31038643,119.84001768,32.31038643,119.84001768,0.4867,684.01,1,692,orb,8,1,-1
631,3905.00,32.31038643,119.84001768,32.31038643,119.84001768,32.31038643,119.84001768,0.3000,0.00,0,-1,orb,0,1,-1
632,3912.00,32.31038643,119.84001768,32.31038643,119.84001768,32.31038643,119.84001768,0.3000,0.00,0,-1,orb,0,1,-1
633,3919.00,32.31038643,119.84001768,32.31038643,119.84001768,32.31038643,119.84001768,0.3000,0.00,0,-1,orb,0,1,-1
634,3926.00,32.31038643,119.84001768,32.31038643,119.84001768,32.31038643,119.84001768,0.3000,0.00,0,-1,orb,0,1,-1
635,3934.00,32.29173357,119.83431240,32.31038643,119.84001768,32.31038643,119.84001768,0.4867,2144.68,1,58,orb,8,1,-1
636,3941.00,32.31409769,119.86675502,32.31038643,119.84001768,32.31038643,119.84001768,0.4633,2548.91,1,614,orb,7,1,3
637,3949.00,32.31038643,119.84001768,32.31038643,119.84001768,32.31038643,119.84001768,0.3000,0.00,0,-1,orb,0,1,-1
638,3957.00,32.31303554,119.85651831,32.31038643,119.84001768,32.31038643,119.84001768,0.4167,1579.99,1,609,orb,5,1,-1
639,3964.00,32.31024696,119.85099077,32.31038643,119.84001768,32.31038643,119.84001768,0.4633,1032.36,1,516,orb,7,1,-1
640,3972.00,32.34259689,119.84520243,32.31038643,119.84001768,32.31038643,119.84001768,0.4633,3618.69,1,1324,orb,7,1,-1
641,3979.00,32.30681465,119.83577826,32.31038643,119.84001768,32.31038643,119.84001768,0.4633,563.15,1,419,orb,7,1,-1
642,3987.00,32.31024696,119.85099077,32.31038643,119.84001768,32.31038643,119.84001768,0.5800,1032.36,1,516,orb,12,1,-1
643,3994.00,32.32095159,119.81303912,32.31038643,119.84001768,32.31038643,119.84001768,0.4867,2797.17,1,768,orb,8,1,-1
644,4002.00,32.31038643,119.84001768,32.31038643,119.84001768,32.31038643,119.84001768,0.3000,0.00,0,-1,orb,0,1,-1
645,4010.00,32.31038643,119.84001768,32.31038643,119.84001768,32.31038643,119.84001768,0.3000,0.00,0,-1,orb,0,1,-1
646,4018.00,32.31038643,119.84001768,32.31038643,119.84001768,32.31038643,119.84001768,0.3000,0.00,0,-1,orb,0,1,-1
647,4025.00,32.31038643,119.84001768,32.31038643,119.84001768,32.31038643,119.84001768,0.0000,0.00,0,-1,orb,0,0,-1
648,4033.00,32.29468890,119.81357816,32.31038643,119.84001768,32.31038643,119.84001768,0.4633,3039.68,1,94,orb,7,1,-1
649,4040.00,32.35481919,119.86771993,32.31038643,119.84001768,32.31038643,119.84001768,0.4633,5590.75,1,1649,orb,7,1,-1
650,4048.00,32.31022550,119.85102886,32.31038643,119.84001768,32.31038643,119.84001768,0.4633,1035.98,1,516,orb,7,1,-1
651,4055.00,32.31038643,119.84001768,32.31038643,119.84001768,32.31038643,119.84001768,0.3000,0.00,0,-1,orb,0,1,-1
652,4063.00,32.34023164,119.89636168,32.31038643,119.84001768,32.31038643,119.84001768,0.4400,6255.52,1,1302,orb,6,1,-1
653,4070.00,32.33249307,119.83077707,32.31038643,119.84001768,32.31038643,119.84001768,0.4400,2609.93,1,1047,orb,6,1,-1
654,4078.00,32.34065006,119.80755548,32.31038643,119.84001768,32.31038643,119.84001768,0.4400,4547.00,1,1261,orb,6,1,-1
655,4085.00,32.31038643,119.84001768,32.31038643,119.84001768,32.31038643,119.84001768,0.3000,0.00,0,-1,orb,0,1,-1
656,4092.00,32.31550808,119.82093394,32.31038643,119.84001768,32.31038643,119.84001768,0.4167,1883.58,1,637,orb,5,1,-1
657,4100.00,32.30113510,119.81428914,32.31038643,119.84001768,32.31038643,119.84001768,0.4867,2630.30,1,274,orb,8,1,-1
658,4107.00,32.29429193,119.89716735,32.31038643,119.84001768,32.31038643,119.84001768,0.4167,5666.80,1,133,orb,5,1,-1
659,4114.00,32.30196122,119.89266131,32.31038643,119.84001768,32.31038643,119.84001768,0.4633,5040.26,1,311,orb,7,1,-1
660,4122.00,32.33159185,119.87566554,32.31038643,119.84001768,32.31038643,119.84001768,0.4167,4100.95,1,1068,orb,5,1,-1
661,4129.00,32.30177883,119.86744061,32.31038643,119.84001768,32.31038643,119.84001768,0.4633,2751.90,1,299,orb,7,1,-1
662,4136.00,32.31673607,119.84114075,32.31038643,119.84001768,32.31038643,119.84001768,0.4633,714.69,1,692,orb,7,1,-1
663,4143.00,32.31903695,119.82505909,32.31038643,119.84001768,32.31038643,119.84001768,0.4867,1705.12,1,729,orb,8,1,-1
664,4149.00,32.33455209,119.89430492,32.31038643,119.84001768,32.31038643,119.84001768,0.4633,5772.05,1,1167,orb,7,1,-1
665,4156.00,32.29903807,119.80965614,32.31038643,119.84001768,32.29903807,119.80965614,0.4400,3123.05,1,227,orb,6,1,-1
666,4163.00,32.35138688,119.89682455,32.29903807,119.80965614,32.29903807,119.80965614,0.4167,10059.79,1,1573,orb,5,1,-1
667,4170.00,32.29903807,119.80965614,32.29903807,119.80965614,32.29903807,119.80965614,0.3000,0.00,0,-1,orb,0,1,-1
668,4177.00,32.29903807,119.80965614,32.29903807,119.80965614,32.29903807,119.80965614,0.3000,0.00,0,-1,orb,0,1,-1
669,4184.00,32.31353398,119.89191224,32.29903807,119.80965614,32.29903807,119.80965614,0.4167,7904.37,1,671,orb,5,1,-1
670,4192.00,32.29584179,119.84668787,32.29903807,119.80965614,32.29903807,119.80965614,0.4167,3501.73,1,154,orb,5,1,-1
671,4199.00,32.35486211,119.86788498,32.29903807,119.80965614,32.29903807,119.80965614,0.4867,8283.86,1,1649,orb,8,1,-1
672,4245.00,32.30182174,119.81118549,32.29903807,119.80965614,32.29903807,119.80965614,0.5100,341.65,1,273,orb,9,1,-1
673,4249.00,32.29433485,119.81332424,32.29903807,119.80965614,32.29903807,119.80965614,0.4633,627.04,1,94,orb,7,1,-1
674,4253.00,32.33631653,119.81383208,32.29903807,119.80965614,32.29903807,119.80965614,0.5100,4168.39,1,1174,orb,9,1,-1
675,4257.00,32.33148456,119.82101011,32.29903807,119.80965614,32.29903807,119.80965614,0.4633,3766.55,1,1042,orb,7,1,-1
676,4261.00,32.35403108,119.83162771,32.29903807,119.80965614,32.29903807,119.80965614,0.4167,6461.32,1,1587,orb,5,1,-1
677,4265.00,32.29903807,119.80965614,32.29903807,119.80965614,32.29903807,119.80965614,0.3000,0.00,0,-1,orb,0,1,-1
678,4269.00,32.29903807,119.80965614,32.29903807,119.80965614,32.29903807,119.80965614,0.3000,0.00,0,-1,orb,0,1,-1
679,4273.00,32.31247273,119.84869966,32.29903807,119.80965614,32.29903807,119.80965614,0.4633,3965.67,1,560,orb,7,1,-1
680,4277.00,32.29190523,119.85858089,32.29903807,119.80965614,32.29903807,119.80965614,0.4400,4670.38,1,70,orb,6,1,-1
681,4281.00,32.31743345,119.88781248,32.29903807,119.80965614,32.29903807,119.80965614,0.4867,7632.08,1,714,orb,8,1,-1
682,4285.00,32.30471762,119.81035443,32.29903807,119.80965614,32.29903807,119.80965614,0.4400,635.65,1,362,orb,6,1,-1
683,4289.00,32.30174664,119.86303614,32.29903807,119.80965614,32.29903807,119.80965614,0.4633,5030.54,1,297,orb,7,1,-1
684,4294.00,32.31777677,119.81934112,32.29903807,119.80965614,32.29903807,119.80965614,0.4633,2276.27,1,681,orb,7,1,-1
685,4298.00,32.29903807,119.80965614,32.29903807,119.80965614,32.29903807,119.80965614,0.3000,0.00,0,-1,orb,0,1,-1
686,4302.00,32.35491575,119.86731365,32.29903807,119.80965614,32.29903807,119.80965614,0.4400,8252.92,1,1649,orb,6,1,-1
687,4306.00,32.31475706,119.89457153,32.29903807,119.80965614,32.29903807,119.80965614,0.4167,8177.47,1,672,orb,5,1,-1
688,4309.00,32.33260527,119.80615310,32.29903807,119.80965614,32.29903807,119.80965614,0.4400,3751.20,1,1080,orb,6,1,-1
689,4313.00,32.31611962,119.83477527,32.29903807,119.80965614,32.29903807,119.80965614,0.4167,3033.06,1,644,orb,5,1,-1
690,4317.00,32.30701849,119.83853224,32.29903807,119.80965614,32.29903807,119.80965614,0.4400,2857.98,1,421,orb,6,1,-1
691,4321.00,32.32538659,119.82165762,32.29903807,119.80965614,32.29903807,119.80965614,0.4400,3142.90,1,907,orb,6,1,-1
692,4325.00,32.29903807,119.80965614,32.29903807,119.80965614,32.29903807,119.80965614,0.3000,0.00,0,-1,orb,0,1,-1
693,4329.00,32.29903807,119.80965614,32.29903807,119.80965614,32.29903807,119.80965614,0.3000,0.00,0,-1,orb,0,1,-1
694,4333.00,32.29903807,119.80965614,32.29903807,119.80965614,32.29903807,119.80965614,0.3000,0.00,0,-1,orb,0,1,-1
695,4337.00,32.29903807,119.80965614,32.29903807,119.80965614,32.29903807,119.80965614,0.3000,0.00,0,-1,orb,0,1,-1
696,4341.00,32.35241103,119.88053976,32.29903807,119.80965614,32.29903807,119.80965614,0.5100,8931.09,1,1610,orb,9,1,-1
697,4345.00,32.35465826,119.81597084,32.29903807,119.80965614,32.29903807,119.80965614,0.4867,6220.07,1,1625,orb,8,1,-1
698,4349.00,32.31823229,119.89197572,32.29903807,119.80965614,32.29903807,119.80965614,0.5100,8033.24,1,761,orb,9,1,-1
699,4353.00,32.32697446,119.83091673,32.29903807,119.80965614,32.29903807,119.80965614,0.4400,3697.48,1,912,orb,6,1,-1
700,4357.00,32.31556172,119.89975047,32.29903807,119.80965614,32.29903807,119.80965614,0.4400,8672.55,1,674,orb,6,1,-1
701,4361.00,32.32599814,119.89329611,32.29903807,119.80965614,32.29903807,119.80965614,0.4400,8421.03,1,941,orb,6,1,-1
702,4365.00,32.29903807,119.80965614,32.29903807,119.80965614,32.29903807,119.80965614,0.3000,0.00,0,-1,orb,0,1,-1
703,4369.00,32.29903807,119.80965614,32.29903807,119.80965614,32.29903807,119.80965614,0.3000,0.00,0,-1,orb,0,1,-1
704,4373.00,32.30491074,119.81043061,32.29903807,119.80965614,32.29903807,119.80965614,0.4867,657.79,1,362,orb,8,1,-1
705,4377.00,32.29040901,119.86839282,32.29903807,119.80965614,32.29903807,119.80965614,0.5567,5608.28,1,29,orb,11,1,-1
706,4381.00,32.29730582,119.81885866,32.29903807,119.80965614,32.29903807,119.80965614,0.4633,886.91,1,186,orb,7,1,-1
707,4385.00,32.29903807,119.80965614,32.29903807,119.80965614,32.29903807,119.80965614,0.0000,0.00,0,-1,orb,0,0,-1
708,4388.00,32.29944577,119.82239980,32.29903807,119.80965614,32.29903807,119.80965614,0.5100,1199.66,1,233,orb,9,1,-1
709,4392.00,32.29388424,119.81017668,32.29903807,119.80965614,32.29903807,119.80965614,0.3933,575.81,1,92,orb,4,1,-1
710,4396.00,32.29903807,119.80965614,32.29903807,119.80965614,32.29903807,119.80965614,0.3000,0.00,0,-1,orb,0,1,-1
711,4400.00,32.29890933,119.80965614,32.29903807,119.80965614,32.29893910,119.80965614,0.4867,14.33,0,227,orb,8,1,-1
712,4404.00,32.31044008,119.84410475,32.29889168,119.80965614,32.29889168,119.80965614,0.4867,3486.29,1,513,orb,8,1,-1
713,4408.00,32.29305321,119.83367759,32.29884426,119.80965614,32.29884426,119.80965614,0.4867,2349.87,1,58,orb,8,1,-1
714,4412.00,32.29884426,119.80965614,32.29879684,119.80965614,32.29884036,119.80965614,0.3000,5.28,0,-1,orb,0,1,-1
715,4416.00,32.29386278,119.81127436,32.29880738,119.80965614,32.29880738,119.80965614,0.4400,571.09,1,93,orb,6,1,-1
716,4420.00,32.30816066,119.81916337,32.29877439,119.80965614,32.29877439,119.80965614,0.4633,1375.37,1,456,orb,7,1,-1
717,4424.00,32.34693042,119.84758241,32.29874141,119.80965614,32.29874141,119.80965614,0.4633,6442.49,1,1415,orb,7,1,-1
718,4427.00,32.35531272,119.82871450,32.29871667,119.80965614,32.29871667,119.80965614,0.4400,6550.40,1,1631,orb,6,1,-1
719,4431.00,32.31840977,119.85038136,32.29868368,119.80965614,32.29868368,119.80965614,0.4167,4415.76,1,696,orb,5,1,-1
720,4435.00,32.29823923,119.89305489,32.29865069,119.80965614,32.29865069,119.80965614,0.4167,7845.52,1,221,orb,5,1,-1
721,4439.00,32.31532569,119.87632573,32.29861771,119.80965614,32.29861771,119.80965614,0.3933,6541.64,1,663,orb,4,1,-1
722,4443.00,32.34575025,119.86971903,32.29858472,119.80965614,32.29858472,119.80965614,0.4400,7713.09,1,1425,orb,6,1,-1
723,4447.00,32.29029099,119.86332815,32.29855174,119.80965614,32.29855174,119.80965614,0.4400,5132.03,1,27,orb,6,1,-1
724,4451.00,32.35389161,119.83047237,32.29851875,119.80965614,32.35389161,119.83047237,0.4867,6467.67,1,1587,orb,8,1,-1
725,4455.00,32.31006457,119.84249923,32.35389161,119.83047237,32.35389161,119.83047237,0.4867,5008.29,1,512,orb,8,1,-1
726,4459.00,32.29036610,119.87501222,32.35389161,119.83047237,32.35389161,119.83047237,0.4400,8219.71,1,32,orb,6,1,-1
727,4463.00,32.33672423,119.87002373,32.35389161,119.83047237,32.35389161,119.83047237,0.5100,4182.73,1,1200,orb,9,1,-1
728,4467.00,32.31386166,119.84538017,32.35389161,119.83047237,32.35389161,119.83047237,0.4633,4671.60,1,604,orb,7,1,-1
729,4471.00,32.29953160,119.87800743,32.35389161,119.83047237,32.35389161,119.83047237,0.4633,7524.27,1,259,orb,7,1,-1
730,4475.00,32.29448505,119.83277617,32.35389161,119.83047237,32.35389161,119.83047237,0.4633,6616.69,1,103,orb,7,1,-1
731,4479.00,32.32263020,119.84201678,32.35389161,119.83047237,32.35389161,119.83047237,0.4633,3645.53,1,827,orb,7,1,-1
732,4483.00,32.34474756,119.84555792,32.35389161,119.83047237,32.35389161,119.83047237,0.4867,1746.43,1,1369,orb,8,1,-1
733,4487.00,32.32943045,119.85702615,32.35389161,119.83047237,32.35389161,119.83047237,0.4633,3695.20,1,1014,orb,7,1,-1
734,4491.00,32.30995728,119.85088920,32.35389161,119.83047237,32.30995728,119.85088920,0.4867,5254.37,1,516,orb,8,1,-1
735,4495.00,32.29264551,119.89077648,32.30995728,119.85088920,32.30995728,119.85088920,0.4633,4218.19,1,85,orb,7,1,-1
736,4499.00,32.31648931,119.84133119,32.30995728,119.85088920,32.30995728,119.85088920,0.4633,1156.36,1,692,orb,7,1,-1
737,4503.00,32.30770514,119.89025594,32.30995728,119.85088920,32.30995728,119.85088920,0.4400,3711.74,1,445,orb,6,1,-1
738,4507.00,32.32255509,119.86298536,32.30995728,119.85088920,32.30995728,119.85088920,0.4633,1805.96,1,837,orb,7,1,7
739,4511.00,32.30528624,119.86327737,32.30995728,119.85088920,32.30995728,119.85088920,0.4167,1276.11,1,387,orb,5,1,-1
740,4515.00,32.32824537,119.85156791,32.30995728,119.85088920,32.30995728,119.85088920,0.4633,2036.83,1,967,orb,7,1,-1
741,4519.00,32.32093013,119.81262014,32.30995728,119.85088920,32.30995728,119.85088920,0.4400,3801.59,1,768,orb,6,1,-1
742,4523.00,32.33037458,119.82415767,32.30995728,119.85088920,32.30995728,119.85088920,0.4867,3389.60,1,999,orb,8,1,-1
743,4527.00,32.30549009,119.83958602,32.30995728,119.85088920,32.30995728,119.85088920,0.5333,1173.84,1,376,orb,10,1,-1
744,4531.00,32.29932775,119.84710684,32.30995728,119.85088920,32.29932775,119.84710684,0.4633,1235.62,1,244,orb,7,1,2
745,4535.00,32.30484636,119.86070695,32.29932775,119.84710684,32.29932775,119.84710684,0.4867,1419.22,1,386,orb,8,1,-1
746,4539.00,32.34299386,119.87190857,32.29932775,119.84710684,32.29932775,119.84710684,0.5567,5391.84,1,1336,orb,11,1,-1
747,4543.00,32.30300682,119.87056966,32.29932775,119.84710684,32.29932775,119.84710684,0.4867,2244.84,1,345,orb,8,1,1
748,4547.00,32.33266964,119.81164254,32.29932775,119.84710684,32.29932775,119.84710684,0.4633,4990.60,1,1083,orb,7,1,4
749,4550.00,32.30751693,119.84209296,32.29932775,119.84710684,32.29932775,119.84710684,0.4633,1026.41,1,467,orb,7,1,-1
750,4554.00,32.29932775,119.84710684,32.29932775,119.84710684,32.29932775,119.84710684,0.3000,0.00,0,-1,orb,0,1,-1
751,4558.00,32.30501802,119.83679395,32.29932775,119.84710684,32.29932775,119.84710684,0.4167,1158.63,1,374,orb,5,1,-1
752,4562.00,32.31247273,119.84541826,32.29932775,119.84710684,32.29932775,119.84710684,0.4167,1471.90,1,559,orb,5,1,-1
753,4566.00,32.30879366,119.87458056,32.29932775,119.84710684,32.29932775,119.84710684,0.4400,2791.04,1,482,orb,6,1,-1
754,4570.00,32.31007530,119.84687831,32.29932775,119.84710684,32.29932775,119.84710684,0.4400,1196.61,1,514,orb,6,1,-1
755,4574.00,32.31648931,119.84134389,32.29932775,119.84710684,32.29932775,119.84710684,0.4400,1985.86,1,692,orb,6,1,-1
756,4578.00,32.31369000,119.85577613,32.29932775,119.84710684,32.29932775,119.84710684,0.5100,1794.79,1,608,orb,9,1,-1
757,4582.00,32.29422756,119.81352738,32.29932775,119.84710684,32.29932775,119.84710684,0.4633,3209.46,1,94,orb,7,1,6
758,4586.00,32.30930282,119.85106006,32.29932775,119.84710684,32.29932775,119.84710684,0.4400,1171.04,1,517,orb,6,1,-1
759,4590.00,32.29511805,119.88955765,32.29932775,119.84710684,32.29932775,119.84710684,0.4400,4020.78,1,130,orb,6,1,-1
760,4595.00,32.31075121,119.85615012,32.29932775,119.84710684,32.31075121,119.85615012,0.4633,1529.98,1,519,orb,7,1,-1
761,4599.00,32.35553803,119.82756604,32.31075121,119.85615012,32.31075121,119.85615012,0.6033,5664.56,1,1630,orb,13,1,-1
762,4603.00,32.33575372,119.88847267,32.31075121,119.85615012,32.31075121,119.85615012,0.4400,4122.13,1,1164,orb,6,1,-1
763,4607.00,32.28990476,119.89833539,32.31075121,119.85615012,32.31075121,119.85615012,0.4633,4597.12,1,43,orb,7,1,-1
764,4611.00,32.29935994,119.80994815,32.31075121,119.85615012,32.31075121,119.85615012,0.4167,4527.47,1,227,orb,5,1,-1
765,4615.00,32.30823576,119.81889675,32.31075121,119.85615012,32.31075121,119.85615012,0.4400,3515.62,1,456,orb,6,1,-1
766,4619.00,32.29843726,119.88670210,32.31075121,119.85615012,32.31075121,119.85615012,0.4400,3184.21,1,263,orb,6,1,-1
767,4623.00,32.32251218,119.80945301,32.31075121,119.85615012,32.31075121,119.85615012,0.3933,4583.78,1,812,orb,4,1,-1
