Frame,Time_Sec,Raw_Lat,Raw_Lng,Predicted_Lat,Predicted_Lng,Filtered_Lat,Filtered_Lng,Match_Confidence,Innovation_M,Outlier_Rejected,Best_Match_Idx,Algorithm
2,0.00,29.76100000,115.97500000,29.76100000,115.97500000,29.76100000,115.97500000,0.7433,0.00,0,0,orb
3,0.00,29.75990000,115.97700000,29.75990000,115.97700000,29.75990000,115.97700000,0.4400,0.00,0,31,orb
4,0.00,29.73090000,115.98700000,29.73090000,115.98700000,29.73090000,115.98700000,0.4400,0.00,0,107,orb
5,0.00,29.75740000,115.97500000,29.75740000,115.97500000,29.75740000,115.97500000,1.0000,0.00,0,1,orb
7,0.00,29.75740000,115.97500000,29.75740000,115.97500000,29.75740000,115.97500000,1.0000,0.00,0,1,orb
8,0.00,29.75630000,115.97700000,29.75630000,115.97700000,29.75630000,115.97700000,0.8133,0.00,0,30,orb
9,0.00,29.75630000,115.97700000,29.75630000,115.97700000,29.75630000,115.97700000,0.6967,0.00,0,30,orb
10,0.00,29.75380000,115.97500000,29.75380000,115.97500000,29.75380000,115.97500000,0.9067,0.00,0,2,orb
12,0.00,29.75380000,115.97500000,29.75380000,115.97500000,29.75380000,115.97500000,1.0000,0.00,0,2,orb
13,0.00,29.75380000,115.97500000,29.75380000,115.97500000,29.75380000,115.97500000,0.5800,0.00,0,2,orb
14,0.00,29.72480000,115.98500000,29.72480000,115.98500000,29.72480000,115.98500000,0.4867,0.00,0,85,orb
15,0.00,29.75030000,115.97500000,29.75030000,115.97500000,29.75030000,115.97500000,1.0000,0.00,0,3,orb
17,0.00,29.75030000,115.97500000,29.75030000,115.97500000,29.75030000,115.97500000,1.0000,0.00,0,3,orb
18,0.00,29.74920000,115.97700000,29.74920000,115.97700000,29.74920000,115.97700000,0.5100,0.00,0,28,orb
19,0.00,29.75030000,115.97500000,29.75030000,115.97500000,29.75030000,115.97500000,0.4867,0.00,0,3,orb
20,0.00,29.74670000,115.97500000,29.74670000,115.97500000,29.74670000,115.97500000,1.0000,0.00,0,4,orb
22,0.00,29.74670000,115.97500000,29.74670000,115.97500000,29.74670000,115.97500000,1.0000,0.00,0,4,orb
23,0.00,29.72530000,115.97500000,29.72530000,115.97500000,29.72530000,115.97500000,0.4167,0.00,0,10,orb
24,0.00,29.74310000,115.97500000,29.74310000,115.97500000,29.74310000,115.97500000,0.4633,0.00,0,5,orb
25,0.00,29.74310000,115.97500000,29.74310000,115.97500000,29.74310000,115.97500000,1.0000,0.00,0,5,orb
27,0.00,29.74310000,115.97500000,29.74310000,115.97500000,29.74310000,115.97500000,0.9533,0.00,0,5,orb
28,0.00,29.74200000,115.97700000,29.74200000,115.97700000,29.74200000,115.97700000,0.4867,0.00,0,26,orb
29,0.00,29.73960000,115.97500000,29.73960000,115.97500000,29.73960000,115.97500000,1.0000,0.00,0,6,orb
30,0.00,29.73960000,115.97500000,29.73960000,115.97500000,29.73960000,115.97500000,1.0000,0.00,0,6,orb
32,0.00,29.73960000,115.97500000,29.73960000,115.97500000,29.73960000,115.97500000,0.4867,0.00,0,6,orb
33,0.00,29.73722044,115.98409914,29.73722044,115.98409914,29.73722044,115.98409914,0.3000,0.00,0,-1,orb
34,0.00,29.73722044,115.98409914,29.73722044,115.98409914,29.73722044,115.98409914,0.3000,0.00,0,-1,orb
35,0.00,29.73722044,115.98409914,29.73722044,115.98409914,29.73722044,115.98409914,0.3000,0.00,0,-1,orb
37,0.00,29.73722044,115.98409914,29.73722044,115.98409914,29.73722044,115.98409914,0.3000,0.00,0,-1,orb
38,0.00,29.73722044,115.98409914,29.73722044,115.98409914,29.73722044,115.98409914,0.3000,0.00,0,-1,orb
39,0.00,29.76100000,115.97500000,29.76100000,115.97500000,29.76100000,115.97500000,0.3000,0.00,0,0,orb
40,0.00,29.73240000,115.97500000,29.73240000,115.97500000,29.73240000,115.97500000,1.0000,0.00,0,8,orb
42,0.00,29.73240000,115.97500000,29.73240000,115.97500000,29.73240000,115.97500000,1.0000,0.00,0,8,orb
43,0.00,29.73240000,115.97500000,29.73240000,115.97500000,29.73240000,115.97500000,0.8367,0.00,0,8,orb
44,0.00,29.73722044,115.98409914,29.73722044,115.98409914,29.73722044,115.98409914,0.3000,0.00,0,-1,orb
45,0.00,29.73722044,115.98409914,29.73722044,115.98409914,29.73722044,115.98409914,0.3000,0.00,0,-1,orb
47,0.00,29.70640000,115.97700000,29.70640000,115.97700000,29.70640000,115.97700000,0.4167,0.00,0,16,orb
48,0.00,29.72780000,115.97700000,29.72780000,115.97700000,29.72780000,115.97700000,0.5567,0.00,0,22,orb
49,0.00,29.75400000,115.99300000,29.75400000,115.99300000,29.75400000,115.99300000,0.4400,0.00,0,158,orb
50,0.00,29.72530000,115.97500000,29.72530000,115.97500000,29.72530000,115.97500000,0.7433,0.00,0,10,orb
52,0.00,29.75330000,115.98100000,29.75330000,115.98100000,29.75330000,115.98100000,0.4867,0.00,0,61,orb
53,0.00,29.75330000,115.98100000,29.75330000,115.98100000,29.75330000,115.98100000,0.4400,0.00,0,61,orb
54,0.00,29.75050000,115.99300000,29.75050000,115.99300000,29.75050000,115.99300000,0.4400,0.00,0,157,orb
55,0.00,29.72180000,115.97500000,29.72180000,115.97500000,29.72180000,115.97500000,1.0000,0.00,0,11,orb
57,0.00,29.72180000,115.97500000,29.72180000,115.97500000,29.72180000,115.97500000,0.7433,0.00,0,11,orb
58,0.00,29.72180000,115.97500000,29.72180000,115.97500000,29.72180000,115.97500000,0.4633,0.00,0,11,orb
59,0.00,29.71820000,115.97500000,29.71820000,115.97500000,29.71820000,115.97500000,0.4400,0.00,0,12,orb
60,0.00,29.71820000,115.97500000,29.71820000,115.97500000,29.71820000,115.97500000,0.6033,0.00,0,12,orb
62,0.00,29.71820000,115.97500000,29.71820000,115.97500000,29.71820000,115.97500000,0.7433,0.00,0,12,orb
63,0.00,29.71710000,115.97700000,29.71710000,115.97700000,29.71710000,115.97700000,0.4633,0.00,0,19,orb
64,0.00,29.73190000,115.98500000,29.73190000,115.98500000,29.73190000,115.98500000,0.4633,0.00,0,87,orb
65,0.00,29.71460000,115.97500000,29.71460000,115.97500000,29.71460000,115.97500000,1.0000,0.00,0,13,orb
67,0.00,29.71460000,115.97500000,29.71460000,115.97500000,29.71460000,115.97500000,0.9767,0.00,0,13,orb
68,0.00,29.75230000,115.98700000,29.75230000,115.98700000,29.75230000,115.98700000,0.4633,0.00,0,101,orb
69,0.00,29.71050000,115.98100000,29.71050000,115.98100000,29.71050000,115.98100000,0.4400,0.00,0,49,orb
70,0.00,29.71110000,115.97500000,29.71110000,115.97500000,29.71110000,115.97500000,1.0000,0.00,0,14,orb
72,0.00,29.71110000,115.97500000,29.71110000,115.97500000,29.71110000,115.97500000,1.0000,0.00,0,14,orb
73,0.00,29.75440000,115.99100000,29.75440000,115.99100000,29.75440000,115.99100000,0.4167,0.00,0,134,orb
74,0.00,29.70640000,115.97700000,29.70640000,115.97700000,29.70640000,115.97700000,0.4633,0.00,0,16,orb
75,0.00,29.70750000,115.97500000,29.70750000,115.97500000,29.70750000,115.97500000,0.8133,0.00,0,15,orb
77,0.00,29.70750000,115.97500000,29.70750000,115.97500000,29.70750000,115.97500000,0.9767,0.00,0,15,orb
78,0.00,29.71050000,115.98500000,29.71050000,115.98500000,29.71050000,115.98500000,0.4867,0.00,0,81,orb
79,0.00,29.71820000,115.97500000,29.71820000,115.97500000,29.71820000,115.97500000,0.4400,0.00,0,12,orb
80,0.00,29.70640000,115.97700000,29.70640000,115.97700000,29.70640000,115.97700000,1.0000,0.00,0,16,orb
82,0.00,29.70640000,115.97700000,29.70640000,115.97700000,29.70640000,115.97700000,0.6267,0.00,0,16,orb
83,0.00,29.71840000,115.99300000,29.71840000,115.99300000,29.71840000,115.99300000,0.4400,0.00,0,148,orb
84,0.00,29.71000000,115.97700000,29.71000000,115.97700000,29.71000000,115.97700000,0.4633,0.00,0,17,orb
85,0.00,29.71000000,115.97700000,29.71000000,115.97700000,29.71000000,115.97700000,0.8600,0.00,0,17,orb
87,0.00,29.71000000,115.97700000,29.71000000,115.97700000,29.71000000,115.97700000,1.0000,0.00,0,17,orb
88,0.00,29.72550000,115.99300000,29.72550000,115.99300000,29.72550000,115.99300000,0.4867,0.00,0,150,orb
89,0.00,29.71350000,115.97700000,29.71350000,115.97700000,29.71350000,115.97700000,0.6033,0.00,0,18,orb
90,0.00,29.71350000,115.97700000,29.71350000,115.97700000,29.71350000,115.97700000,0.7900,0.00,0,18,orb
92,0.00,29.71350000,115.97700000,29.71350000,115.97700000,29.71350000,115.97700000,0.6267,0.00,0,18,orb
93,0.00,29.73090000,115.98700000,29.73090000,115.98700000,29.73090000,115.98700000,0.4400,0.00,0,107,orb
94,0.00,29.70640000,115.97700000,29.70640000,115.97700000,29.70640000,115.97700000,0.4167,0.00,0,16,orb
95,0.00,29.71710000,115.97700000,29.71710000,115.97700000,29.71710000,115.97700000,0.9533,0.00,0,19,orb
97,0.00,29.71710000,115.97700000,29.71710000,115.97700000,29.71710000,115.97700000,0.8833,0.00,0,19,orb
98,0.00,29.71710000,115.97700000,29.71710000,115.97700000,29.71710000,115.97700000,0.4400,0.00,0,19,orb
99,0.00,29.75330000,115.98500000,29.75330000,115.98500000,29.75330000,115.98500000,0.4400,0.00,0,93,orb
100,0.00,29.72070000,115.97700000,29.72070000,115.97700000,29.72070000,115.97700000,0.9533,0.00,0,20,orb
102,0.00,29.72070000,115.97700000,29.72070000,115.97700000,29.72070000,115.97700000,0.9533,0.00,0,20,orb
103,0.00,29.72070000,115.97700000,29.72070000,115.97700000,29.72070000,115.97700000,0.5800,0.00,0,20,orb
104,0.00,29.71110000,115.97500000,29.71110000,115.97500000,29.71110000,115.97500000,0.4400,0.00,0,14,orb
105,0.00,29.72420000,115.97700000,29.72420000,115.97700000,29.72420000,115.97700000,0.5567,0.00,0,21,orb
107,0.00,29.72420000,115.97700000,29.72420000,115.97700000,29.72420000,115.97700000,0.5800,0.00,0,21,orb
108,0.00,29.72550000,115.99300000,29.72550000,115.99300000,29.72550000,115.99300000,0.4400,0.00,0,150,orb
109,0.00,29.70640000,115.97700000,29.70640000,115.97700000,29.70640000,115.97700000,0.4633,0.00,0,16,orb
110,0.00,29.72780000,115.97700000,29.72780000,115.97700000,29.72780000,115.97700000,1.0000,0.00,0,22,orb
112,0.00,29.72780000,115.97700000,29.72780000,115.97700000,29.72780000,115.97700000,0.5333,0.00,0,22,orb
113,0.00,29.72730000,115.97900000,29.72730000,115.97900000,29.72730000,115.97900000,0.4400,0.00,0,42,orb
114,0.00,29.73140000,115.97700000,29.73140000,115.97700000,29.73140000,115.97700000,0.5333,0.00,0,23,orb
115,0.00,29.73140000,115.97700000,29.73140000,115.97700000,29.73140000,115.97700000,1.0000,0.00,0,23,orb
117,0.00,29.73140000,115.97700000,29.73140000,115.97700000,29.73140000,115.97700000,1.0000,0.00,0,23,orb
118,0.00,29.73140000,115.97700000,29.73140000,115.97700000,29.73140000,115.97700000,0.6733,0.00,0,23,orb
119,0.00,29.73140000,115.97700000,29.73140000,115.97700000,29.73140000,115.97700000,0.4400,0.00,0,23,orb
120,0.00,29.70950000,115.97900000,29.70950000,115.97900000,29.70950000,115.97900000,0.4167,0.00,0,47,orb
122,0.00,29.73722044,115.98409914,29.73722044,115.98409914,29.73722044,115.98409914,0.3000,0.00,0,-1,orb
123,0.00,29.73722044,115.98409914,29.73722044,115.98409914,29.73722044,115.98409914,0.3000,0.00,0,-1,orb
124,0.00,29.73722044,115.98409914,29.73722044,115.98409914,29.73722044,115.98409914,0.3000,0.00,0,-1,orb
125,0.00,29.73722044,115.98409914,29.73722044,115.98409914,29.73722044,115.98409914,0.3000,0.00,0,-1,orb
127,0.00,29.75050000,115.99300000,29.75050000,115.99300000,29.75050000,115.99300000,0.4167,0.00,0,157,orb
128,0.00,29.73960000,115.97500000,29.73960000,115.97500000,29.73960000,115.97500000,0.6733,0.00,0,6,orb
129,0.00,29.73960000,115.97500000,29.73960000,115.97500000,29.73960000,115.97500000,0.6033,0.00,0,6,orb
130,0.00,29.74200000,115.97700000,29.74200000,115.97700000,29.74200000,115.97700000,1.0000,0.00,0,26,orb
132,0.00,29.74200000,115.97700000,29.74200000,115.97700000,29.74200000,115.97700000,1.0000,0.00,0,26,orb
133,0.00,29.72480000,115.98500000,29.72480000,115.98500000,29.72480000,115.98500000,0.4633,0.00,0,85,orb
134,0.00,29.74730000,115.99100000,29.74730000,115.99100000,29.74730000,115.99100000,0.4400,0.00,0,136,orb
135,0.00,29.74560000,115.97700000,29.74560000,115.97700000,29.74560000,115.97700000,1.0000,0.00,0,27,orb
137,0.00,29.74560000,115.97700000,29.74560000,115.97700000,29.74560000,115.97700000,1.0000,0.00,0,27,orb
138,0.00,29.74560000,115.97700000,29.74560000,115.97700000,29.74560000,115.97700000,1.0000,0.00,0,27,orb
139,0.00,29.74670000,115.97500000,29.74670000,115.97500000,29.74670000,115.97500000,0.5333,0.00,0,4,orb
140,0.00,29.74920000,115.97700000,29.74920000,115.97700000,29.74920000,115.97700000,1.0000,0.00,0,28,orb
142,0.00,29.74920000,115.97700000,29.74920000,115.97700000,29.74920000,115.97700000,1.0000,0.00,0,28,orb
143,0.00,29.74920000,115.97700000,29.74920000,115.97700000,29.74920000,115.97700000,0.6733,0.00,0,28,orb
144,0.00,29.75270000,115.97700000,29.75270000,115.97700000,29.75270000,115.97700000,0.4633,0.00,0,29,orb
145,0.00,29.75270000,115.97700000,29.75270000,115.97700000,29.75270000,115.97700000,1.0000,0.00,0,29,orb
147,0.00,29.75270000,115.97700000,29.75270000,115.97700000,29.75270000,115.97700000,0.8833,0.00,0,29,orb
148,0.00,29.75270000,115.97700000,29.75270000,115.97700000,29.75270000,115.97700000,0.5567,0.00,0,29,orb
149,0.00,29.75630000,115.97700000,29.75630000,115.97700000,29.75630000,115.97700000,0.4400,0.00,0,30,orb
150,0.00,29.75630000,115.97700000,29.75630000,115.97700000,29.75630000,115.97700000,0.4400,0.00,0,30,orb
152,0.00,29.75630000,115.97700000,29.75630000,115.97700000,29.75630000,115.97700000,1.0000,0.00,0,30,orb
153,0.00,29.75630000,115.97700000,29.75630000,115.97700000,29.75630000,115.97700000,0.4167,0.00,0,30,orb
154,0.00,29.75990000,115.97700000,29.75990000,115.97700000,29.75990000,115.97700000,0.6967,0.00,0,31,orb
155,0.00,29.75990000,115.97700000,29.75990000,115.97700000,29.75990000,115.97700000,1.0000,0.00,0,31,orb
157,0.00,29.75990000,115.97700000,29.75990000,115.97700000,29.75990000,115.97700000,0.7433,0.00,0,31,orb
158,0.00,29.74200000,115.97700000,29.74200000,115.97700000,29.74200000,115.97700000,0.4167,0.00,0,26,orb
159,0.00,29.76320000,115.97700000,29.76320000,115.97700000,29.76320000,115.97700000,0.4633,0.00,0,32,orb
160,0.00,29.76320000,115.97700000,29.76320000,115.97700000,29.76320000,115.97700000,1.0000,0.00,0,32,orb
162,0.00,29.76320000,115.97700000,29.76320000,115.97700000,29.76320000,115.97700000,0.5800,0.00,0,32,orb
163,0.00,29.76040000,115.98100000,29.76040000,115.98100000,29.76040000,115.98100000,0.4867,0.00,0,63,orb
164,0.00,29.75930000,115.97900000,29.75930000,115.97900000,29.75930000,115.97900000,0.7200,0.00,0,33,orb
165,0.00,29.75930000,115.97900000,29.75930000,115.97900000,29.75930000,115.97900000,0.9767,0.00,0,33,orb
167,0.00,29.75930000,115.97900000,29.75930000,115.97900000,29.75930000,115.97900000,1.0000,0.00,0,33,orb
168,0.00,29.75930000,115.97900000,29.75930000,115.97900000,29.75930000,115.97900000,0.5567,0.00,0,33,orb
169,0.00,29.75580000,115.97900000,29.75580000,115.97900000,29.75580000,115.97900000,1.0000,0.00,0,34,orb
170,0.00,29.75580000,115.97900000,29.75580000,115.97900000,29.75580000,115.97900000,1.0000,0.00,0,34,orb
172,0.00,29.75580000,115.97900000,29.75580000,115.97900000,29.75580000,115.97900000,0.6267,0.00,0,34,orb
173,0.00,29.74920000,115.97700000,29.74920000,115.97700000,29.74920000,115.97700000,0.4400,0.00,0,28,orb
174,0.00,29.75220000,115.97900000,29.75220000,115.97900000,29.75220000,115.97900000,0.4633,0.00,0,35,orb
175,0.00,29.75220000,115.97900000,29.75220000,115.97900000,29.75220000,115.97900000,1.0000,0.00,0,35,orb
177,0.00,29.75220000,115.97900000,29.75220000,115.97900000,29.75220000,115.97900000,1.0000,0.00,0,35,orb
178,0.00,29.73090000,115.98700000,29.73090000,115.98700000,29.73090000,115.98700000,0.5333,0.00,0,107,orb
179,0.00,29.74970000,115.98100000,29.74970000,115.98100000,29.74970000,115.98100000,0.6267,0.00,0,60,orb
180,0.00,29.74860000,115.97900000,29.74860000,115.97900000,29.74860000,115.97900000,1.0000,0.00,0,36,orb
182,0.00,29.74860000,115.97900000,29.74860000,115.97900000,29.74860000,115.97900000,1.0000,0.00,0,36,orb
183,0.00,29.74860000,115.97900000,29.74860000,115.97900000,29.74860000,115.97900000,0.5567,0.00,0,36,orb
184,0.00,29.74510000,115.97900000,29.74510000,115.97900000,29.74510000,115.97900000,0.6033,0.00,0,37,orb
185,0.00,29.74510000,115.97900000,29.74510000,115.97900000,29.74510000,115.97900000,0.8133,0.00,0,37,orb
187,0.00,29.74510000,115.97900000,29.74510000,115.97900000,29.74510000,115.97900000,0.6033,0.00,0,37,orb
188,0.00,29.70640000,115.97700000,29.70640000,115.97700000,29.70640000,115.97700000,0.4633,0.00,0,16,orb
189,0.00,29.74150000,115.97900000,29.74150000,115.97900000,29.74150000,115.97900000,0.6500,0.00,0,38,orb
190,0.00,29.74150000,115.97900000,29.74150000,115.97900000,29.74150000,115.97900000,1.0000,0.00,0,38,orb
192,0.00,29.74150000,115.97900000,29.74150000,115.97900000,29.74150000,115.97900000,0.9767,0.00,0,38,orb
193,0.00,29.73900000,115.98100000,29.73900000,115.98100000,29.73900000,115.98100000,0.6733,0.00,0,57,orb
194,0.00,29.73900000,115.98100000,29.73900000,115.98100000,29.73900000,115.98100000,0.7900,0.00,0,57,orb
195,0.00,29.75580000,115.98700000,29.75580000,115.98700000,29.75580000,115.98700000,0.4633,0.00,0,100,orb
197,0.00,29.73722044,115.98409914,29.73722044,115.98409914,29.73722044,115.98409914,0.3000,0.00,0,-1,orb
198,0.00,29.73722044,115.98409914,29.73722044,115.98409914,29.73722044,115.98409914,0.3000,0.00,0,-1,orb
199,0.00,29.73490000,115.97700000,29.73490000,115.97700000,29.73490000,115.97700000,0.4167,0.00,0,24,orb
200,0.00,29.73440000,115.97900000,29.73440000,115.97900000,29.73440000,115.97900000,0.6733,0.00,0,40,orb
202,0.00,29.73440000,115.97900000,29.73440000,115.97900000,29.73440000,115.97900000,1.0000,0.00,0,40,orb
203,0.00,29.73440000,115.97900000,29.73440000,115.97900000,29.73440000,115.97900000,0.4400,0.00,0,40,orb
204,0.00,29.73722044,115.98409914,29.73722044,115.98409914,29.73722044,115.98409914,0.3000,0.00,0,-1,orb
205,0.00,29.73722044,115.98409914,29.73722044,115.98409914,29.73722044,115.98409914,0.3000,0.00,0,-1,orb
207,0.00,29.71710000,115.97700000,29.71710000,115.97700000,29.71710000,115.97700000,0.4167,0.00,0,19,orb
208,0.00,29.75330000,115.98500000,29.75330000,115.98500000,29.75330000,115.98500000,0.4400,0.00,0,93,orb
209,0.00,29.72730000,115.97900000,29.72730000,115.97900000,29.72730000,115.97900000,0.5567,0.00,0,42,orb
210,0.00,29.72730000,115.97900000,29.72730000,115.97900000,29.72730000,115.97900000,0.8833,0.00,0,42,orb
212,0.00,29.72730000,115.97900000,29.72730000,115.97900000,29.72730000,115.97900000,0.8133,0.00,0,42,orb
213,0.00,29.72730000,115.97900000,29.72730000,115.97900000,29.72730000,115.97900000,0.4633,0.00,0,42,orb
214,0.00,29.72730000,115.98700000,29.72730000,115.98700000,29.72730000,115.98700000,0.5100,0.00,0,108,orb
215,0.00,29.72370000,115.97900000,29.72370000,115.97900000,29.72370000,115.97900000,0.5567,0.00,0,43,orb
217,0.00,29.72370000,115.97900000,29.72370000,115.97900000,29.72370000,115.97900000,0.7200,0.00,0,43,orb
218,0.00,29.72180000,115.97500000,29.72180000,115.97500000,29.72180000,115.97500000,0.4400,0.00,0,11,orb
219,0.00,29.75940000,115.98700000,29.75940000,115.98700000,29.75940000,115.98700000,0.4400,0.00,0,99,orb
220,0.00,29.74970000,115.98500000,29.74970000,115.98500000,29.74970000,115.98500000,0.4167,0.00,0,92,orb
222,0.00,29.72010000,115.97900000,29.72010000,115.97900000,29.72010000,115.97900000,0.9300,0.00,0,44,orb
223,0.00,29.70700000,115.98100000,29.70700000,115.98100000,29.70700000,115.98100000,0.4400,0.00,0,48,orb
224,0.00,29.70950000,115.97900000,29.70950000,115.97900000,29.70950000,115.97900000,0.4167,0.00,0,47,orb
225,0.00,29.71660000,115.97900000,29.71660000,115.97900000,29.71660000,115.97900000,0.9533,0.00,0,45,orb
227,0.00,29.71660000,115.97900000,29.71660000,115.97900000,29.71660000,115.97900000,1.0000,0.00,0,45,orb
228,0.00,29.71710000,115.97700000,29.71710000,115.97700000,29.71710000,115.97700000,0.4400,0.00,0,19,orb
229,0.00,29.70950000,115.97900000,29.70950000,115.97900000,29.70950000,115.97900000,0.4633,0.00,0,47,orb
230,0.00,29.71300000,115.97900000,29.71300000,115.97900000,29.71300000,115.97900000,0.8367,0.00,0,46,orb
232,0.00,29.71300000,115.97900000,29.71300000,115.97900000,29.71300000,115.97900000,0.8600,0.00,0,46,orb
233,0.00,29.75400000,115.99300000,29.75400000,115.99300000,29.75400000,115.99300000,0.4400,0.00,0,158,orb
234,0.00,29.71000000,115.97700000,29.71000000,115.97700000,29.71000000,115.97700000,0.4400,0.00,0,17,orb
235,0.00,29.70950000,115.97900000,29.70950000,115.97900000,29.70950000,115.97900000,0.7433,0.00,0,47,orb
237,0.00,29.70950000,115.97900000,29.70950000,115.97900000,29.70950000,115.97900000,0.7900,0.00,0,47,orb
238,0.00,29.75050000,115.99300000,29.75050000,115.99300000,29.75050000,115.99300000,0.4400,0.00,0,157,orb
239,0.00,29.70700000,115.98100000,29.70700000,115.98100000,29.70700000,115.98100000,0.4633,0.00,0,48,orb
240,0.00,29.73020000,115.98300000,29.73020000,115.98300000,29.73020000,115.98300000,0.4633,0.00,0,74,orb
242,0.00,29.70700000,115.98100000,29.70700000,115.98100000,29.70700000,115.98100000,0.8367,0.00,0,48,orb
243,0.00,29.70880000,115.98300000,29.70880000,115.98300000,29.70880000,115.98300000,0.4867,0.00,0,80,orb
244,0.00,29.70640000,115.97700000,29.70640000,115.97700000,29.70640000,115.97700000,0.4867,0.00,0,16,orb
245,0.00,29.71050000,115.98100000,29.71050000,115.98100000,29.71050000,115.98100000,0.7900,0.00,0,49,orb
247,0.00,29.71050000,115.98100000,29.71050000,115.98100000,29.71050000,115.98100000,0.8133,0.00,0,49,orb
248,0.00,29.75900000,115.98900000,29.75900000,115.98900000,29.75900000,115.98900000,0.4400,0.00,0,127,orb
249,0.00,29.75690000,115.98100000,29.75690000,115.98100000,29.75690000,115.98100000,0.4633,0.00,0,62,orb
250,0.00,29.71410000,115.98100000,29.71410000,115.98100000,29.71410000,115.98100000,0.6267,0.00,0,50,orb
252,0.00,29.71410000,115.98100000,29.71410000,115.98100000,29.71410000,115.98100000,0.6033,0.00,0,50,orb
253,0.00,29.72890000,115.97500000,29.72890000,115.97500000,29.72890000,115.97500000,0.4867,0.00,0,9,orb
254,0.00,29.76400000,115.98500000,29.76400000,115.98500000,29.76400000,115.98500000,0.4167,0.00,0,96,orb
255,0.00,29.71770000,115.98100000,29.71770000,115.98100000,29.71770000,115.98100000,0.8600,0.00,0,51,orb
257,0.00,29.73722044,115.98409914,29.73722044,115.98409914,29.73722044,115.98409914,0.3000,0.00,0,-1,orb
258,0.00,29.73722044,115.98409914,29.73722044,115.98409914,29.73722044,115.98409914,0.3000,0.00,0,-1,orb
259,0.00,29.73722044,115.98409914,29.73722044,115.98409914,29.73722044,115.98409914,0.3000,0.00,0,-1,orb
260,0.00,29.73722044,115.98409914,29.73722044,115.98409914,29.73722044,115.98409914,0.3000,0.00,0,-1,orb
262,0.00,29.72120000,115.98100000,29.72120000,115.98100000,29.72120000,115.98100000,0.4400,0.00,0,52,orb
263,0.00,29.74470000,115.98900000,29.74470000,115.98900000,29.74470000,115.98900000,0.3000,0.00,0,123,orb
264,0.00,29.71660000,115.98700000,29.71660000,115.98700000,29.71660000,115.98700000,0.4400,0.00,0,111,orb
265,0.00,29.72480000,115.98100000,29.72480000,115.98100000,29.72480000,115.98100000,0.5800,0.00,0,53,orb
267,0.00,29.72480000,115.98100000,29.72480000,115.98100000,29.72480000,115.98100000,0.6267,0.00,0,53,orb
268,0.00,29.70640000,115.97700000,29.70640000,115.97700000,29.70640000,115.97700000,0.4400,0.00,0,16,orb
269,0.00,29.75900000,115.98900000,29.75900000,115.98900000,29.75900000,115.98900000,0.4400,0.00,0,127,orb
270,0.00,29.72830000,115.98100000,29.72830000,115.98100000,29.72830000,115.98100000,0.5100,0.00,0,54,orb
272,0.00,29.72830000,115.98100000,29.72830000,115.98100000,29.72830000,115.98100000,0.8833,0.00,0,54,orb
273,0.00,29.71000000,115.97700000,29.71000000,115.97700000,29.71000000,115.97700000,0.4400,0.00,0,17,orb
274,0.00,29.71770000,115.98100000,29.71770000,115.98100000,29.71770000,115.98100000,0.4400,0.00,0,51,orb
275,0.00,29.73722044,115.98409914,29.73722044,115.98409914,29.73722044,115.98409914,0.3000,0.00,0,-1,orb
277,0.00,29.73800000,115.97900000,29.73800000,115.97900000,29.73800000,115.97900000,0.3933,0.00,0,39,orb
278,0.00,29.74260000,115.98500000,29.74260000,115.98500000,29.74260000,115.98500000,0.4167,0.00,0,90,orb
279,0.00,29.73722044,115.98409914,29.73722044,115.98409914,29.73722044,115.98409914,0.3000,0.00,0,-1,orb
280,0.00,29.74150000,115.97900000,29.74150000,115.97900000,29.74150000,115.97900000,0.4400,0.00,0,38,orb
282,0.00,29.74330000,115.99300000,29.74330000,115.99300000,29.74330000,115.99300000,0.3933,0.00,0,155,orb
283,0.00,29.73722044,115.98409914,29.73722044,115.98409914,29.73722044,115.98409914,0.3000,0.00,0,-1,orb
284,0.00,29.73730000,115.98300000,29.73730000,115.98300000,29.73730000,115.98300000,0.3933,0.00,0,72,orb
285,0.00,29.70950000,115.97900000,29.70950000,115.97900000,29.70950000,115.97900000,0.4400,0.00,0,47,orb
287,0.00,29.73900000,115.98100000,29.73900000,115.98100000,29.73900000,115.98100000,0.9300,0.00,0,57,orb
288,0.00,29.73900000,115.98100000,29.73900000,115.98100000,29.73900000,115.98100000,0.7433,0.00,0,57,orb
289,0.00,29.73900000,115.98100000,29.73900000,115.98100000,29.73900000,115.98100000,0.5333,0.00,0,57,orb
290,0.00,29.74260000,115.98100000,29.74260000,115.98100000,29.74260000,115.98100000,1.0000,0.00,0,58,orb
292,0.00,29.74260000,115.98100000,29.74260000,115.98100000,29.74260000,115.98100000,1.0000,0.00,0,58,orb
293,0.00,29.74260000,115.98100000,29.74260000,115.98100000,29.74260000,115.98100000,0.4633,0.00,0,58,orb
294,0.00,29.74620000,115.98100000,29.74620000,115.98100000,29.74620000,115.98100000,0.4633,0.00,0,59,orb
295,0.00,29.74620000,115.98100000,29.74620000,115.98100000,29.74620000,115.98100000,1.0000,0.00,0,59,orb
297,0.00,29.74620000,115.98100000,29.74620000,115.98100000,29.74620000,115.98100000,0.7900,0.00,0,59,orb
298,0.00,29.74800000,115.98300000,29.74800000,115.98300000,29.74800000,115.98300000,0.6500,0.00,0,69,orb
299,0.00,29.74800000,115.98300000,29.74800000,115.98300000,29.74800000,115.98300000,1.0000,0.00,0,69,orb
300,0.00,29.74970000,115.98100000,29.74970000,115.98100000,29.74970000,115.98100000,0.7900,0.00,0,60,orb
302,0.00,29.74970000,115.98100000,29.74970000,115.98100000,29.74970000,115.98100000,0.9067,0.00,0,60,orb
303,0.00,29.74970000,115.98100000,29.74970000,115.98100000,29.74970000,115.98100000,0.5800,0.00,0,60,orb
304,0.00,29.75330000,115.98100000,29.75330000,115.98100000,29.75330000,115.98100000,0.5333,0.00,0,61,orb
305,0.00,29.75330000,115.98100000,29.75330000,115.98100000,29.75330000,115.98100000,0.9767,0.00,0,61,orb
307,0.00,29.75330000,115.98100000,29.75330000,115.98100000,29.75330000,115.98100000,0.8600,0.00,0,61,orb
308,0.00,29.72480000,115.98500000,29.72480000,115.98500000,29.72480000,115.98500000,0.4633,0.00,0,85,orb
309,0.00,29.75690000,115.98100000,29.75690000,115.98100000,29.75690000,115.98100000,0.6967,0.00,0,62,orb
310,0.00,29.75690000,115.98100000,29.75690000,115.98100000,29.75690000,115.98100000,1.0000,0.00,0,62,orb
312,0.00,29.75690000,115.98100000,29.75690000,115.98100000,29.75690000,115.98100000,1.0000,0.00,0,62,orb
313,0.00,29.72590000,115.99100000,29.72590000,115.99100000,29.72590000,115.99100000,0.4867,0.00,0,142,orb
314,0.00,29.76040000,115.98100000,29.76040000,115.98100000,29.76040000,115.98100000,0.5567,0.00,0,63,orb
315,0.00,29.76040000,115.98100000,29.76040000,115.98100000,29.76040000,115.98100000,1.0000,0.00,0,63,orb
317,0.00,29.76040000,115.98100000,29.76040000,115.98100000,29.76040000,115.98100000,1.0000,0.00,0,63,orb
318,0.00,29.76040000,115.98100000,29.76040000,115.98100000,29.76040000,115.98100000,1.0000,0.00,0,63,orb
319,0.00,29.73020000,115.98300000,29.73020000,115.98300000,29.73020000,115.98300000,0.4400,0.00,0,74,orb
320,0.00,29.76400000,115.98100000,29.76400000,115.98100000,29.76400000,115.98100000,0.8367,0.00,0,64,orb
322,0.00,29.76400000,115.98100000,29.76400000,115.98100000,29.76400000,115.98100000,1.0000,0.00,0,64,orb
323,0.00,29.72730000,115.98700000,29.72730000,115.98700000,29.72730000,115.98700000,0.4867,0.00,0,108,orb
324,0.00,29.76400000,115.98500000,29.76400000,115.98500000,29.76400000,115.98500000,0.5100,0.00,0,96,orb
325,0.00,29.76220000,115.98300000,29.76220000,115.98300000,29.76220000,115.98300000,0.7433,0.00,0,65,orb
327,0.00,29.76220000,115.98300000,29.76220000,115.98300000,29.76220000,115.98300000,1.0000,0.00,0,65,orb
328,0.00,29.76220000,115.98300000,29.76220000,115.98300000,29.76220000,115.98300000,0.5333,0.00,0,65,orb
329,0.00,29.75870000,115.98300000,29.75870000,115.98300000,29.75870000,115.98300000,0.6033,0.00,0,66,orb
330,0.00,29.75870000,115.98300000,29.75870000,115.98300000,29.75870000,115.98300000,1.0000,0.00,0,66,orb
332,0.00,29.75870000,115.98300000,29.75870000,115.98300000,29.75870000,115.98300000,1.0000,0.00,0,66,orb
333,0.00,29.75510000,115.98300000,29.75510000,115.98300000,29.75510000,115.98300000,0.5567,0.00,0,67,orb
334,0.00,29.75510000,115.98300000,29.75510000,115.98300000,29.75510000,115.98300000,1.0000,0.00,0,67,orb
335,0.00,29.75510000,115.98300000,29.75510000,115.98300000,29.75510000,115.98300000,1.0000,0.00,0,67,orb
337,0.00,29.75510000,115.98300000,29.75510000,115.98300000,29.75510000,115.98300000,0.9300,0.00,0,67,orb
338,0.00,29.75510000,115.98300000,29.75510000,115.98300000,29.75510000,115.98300000,0.4633,0.00,0,67,orb
339,0.00,29.75160000,115.98300000,29.75160000,115.98300000,29.75160000,115.98300000,0.5800,0.00,0,68,orb
340,0.00,29.75160000,115.98300000,29.75160000,115.98300000,29.75160000,115.98300000,1.0000,0.00,0,68,orb
342,0.00,29.75160000,115.98300000,29.75160000,115.98300000,29.75160000,115.98300000,1.0000,0.00,0,68,orb
343,0.00,29.75160000,115.98300000,29.75160000,115.98300000,29.75160000,115.98300000,0.5567,0.00,0,68,orb
344,0.00,29.74970000,115.98100000,29.74970000,115.98100000,29.74970000,115.98100000,0.4633,0.00,0,60,orb
345,0.00,29.74800000,115.98300000,29.74800000,115.98300000,29.74800000,115.98300000,1.0000,0.00,0,69,orb
347,0.00,29.74800000,115.98300000,29.74800000,115.98300000,29.74800000,115.98300000,1.0000,0.00,0,69,orb
348,0.00,29.74620000,115.98500000,29.74620000,115.98500000,29.74620000,115.98500000,1.0000,0.00,0,91,orb
349,0.00,29.74620000,115.98500000,29.74620000,115.98500000,29.74620000,115.98500000,1.0000,0.00,0,91,orb
350,0.00,29.74440000,115.98300000,29.74440000,115.98300000,29.74440000,115.98300000,1.0000,0.00,0,70,orb
352,0.00,29.74440000,115.98300000,29.74440000,115.98300000,29.74440000,115.98300000,1.0000,0.00,0,70,orb
353,0.00,29.74440000,115.98300000,29.74440000,115.98300000,29.74440000,115.98300000,0.7667,0.00,0,70,orb
354,0.00,29.73722044,115.98409914,29.73722044,115.98409914,29.73722044,115.98409914,0.3000,0.00,0,-1,orb
355,0.00,29.73722044,115.98409914,29.73722044,115.98409914,29.73722044,115.98409914,0.3000,0.00,0,-1,orb
357,0.00,29.73722044,115.98409914,29.73722044,115.98409914,29.73722044,115.98409914,0.3000,0.00,0,-1,orb
358,0.00,29.73722044,115.98409914,29.73722044,115.98409914,29.73722044,115.98409914,0.3000,0.00,0,-1,orb
359,0.00,29.75630000,115.97700000,29.75630000,115.97700000,29.75630000,115.97700000,0.4167,0.00,0,30,orb
360,0.00,29.76470000,115.99300000,29.76470000,115.99300000,29.76470000,115.99300000,0.3933,0.00,0,161,orb
362,0.00,29.75690000,115.98100000,29.75690000,115.98100000,29.75690000,115.98100000,0.4167,0.00,0,62,orb
363,0.00,29.74120000,115.98900000,29.74120000,115.98900000,29.74120000,115.98900000,0.3933,0.00,0,122,orb
364,0.00,29.74090000,115.98300000,29.74090000,115.98300000,29.74090000,115.98300000,0.3933,0.00,0,71,orb
365,0.00,29.74160000,115.98700000,29.74160000,115.98700000,29.74160000,115.98700000,0.3933,0.00,0,104,orb
367,0.00,29.73800000,115.97900000,29.73800000,115.97900000,29.73800000,115.97900000,0.3933,0.00,0,39,orb
368,0.00,29.72730000,115.97900000,29.72730000,115.97900000,29.72730000,115.97900000,0.4167,0.00,0,42,orb
369,0.00,29.71480000,115.99300000,29.71480000,115.99300000,29.71480000,115.99300000,0.4167,0.00,0,147,orb
370,0.00,29.72480000,115.98500000,29.72480000,115.98500000,29.72480000,115.98500000,0.4400,0.00,0,85,orb
372,0.00,29.73020000,115.98300000,29.73020000,115.98300000,29.73020000,115.98300000,1.0000,0.00,0,74,orb
373,0.00,29.73020000,115.98300000,29.73020000,115.98300000,29.73020000,115.98300000,0.4633,0.00,0,74,orb
374,0.00,29.71840000,115.99300000,29.71840000,115.99300000,29.71840000,115.99300000,0.4400,0.00,0,148,orb
375,0.00,29.72660000,115.98300000,29.72660000,115.98300000,29.72660000,115.98300000,0.5100,0.00,0,75,orb
377,0.00,29.72660000,115.98300000,29.72660000,115.98300000,29.72660000,115.98300000,0.4633,0.00,0,75,orb
378,0.00,29.76650000,115.98700000,29.76650000,115.98700000,29.76650000,115.98700000,0.4400,0.00,0,97,orb
379,0.00,29.75270000,115.97700000,29.75270000,115.97700000,29.75270000,115.97700000,0.4400,0.00,0,29,orb
380,0.00,29.72310000,115.98300000,29.72310000,115.98300000,29.72310000,115.98300000,1.0000,0.00,0,76,orb
382,0.00,29.72310000,115.98300000,29.72310000,115.98300000,29.72310000,115.98300000,0.4633,0.00,0,76,orb
383,0.00,29.76650000,115.98700000,29.76650000,115.98700000,29.76650000,115.98700000,0.4400,0.00,0,97,orb
384,0.00,29.72120000,115.98500000,29.72120000,115.98500000,29.72120000,115.98500000,0.5100,0.00,0,84,orb
385,0.00,29.71950000,115.98300000,29.71950000,115.98300000,29.71950000,115.98300000,0.6267,0.00,0,77,orb
387,0.00,29.71950000,115.98300000,29.71950000,115.98300000,29.71950000,115.98300000,0.7667,0.00,0,77,orb
388,0.00,29.71770000,115.98500000,29.71770000,115.98500000,29.71770000,115.98500000,0.4633,0.00,0,83,orb
389,0.00,29.75330000,115.98100000,29.75330000,115.98100000,29.75330000,115.98100000,0.4400,0.00,0,61,orb
390,0.00,29.71590000,115.98300000,29.71590000,115.98300000,29.71590000,115.98300000,1.0000,0.00,0,78,orb
392,0.00,29.71590000,115.98300000,29.71590000,115.98300000,29.71590000,115.98300000,0.6500,0.00,0,78,orb
393,0.00,29.75230000,115.98700000,29.75230000,115.98700000,29.75230000,115.98700000,0.4167,0.00,0,101,orb
394,0.00,29.71410000,115.98500000,29.71410000,115.98500000,29.71410000,115.98500000,0.4400,0.00,0,82,orb
395,0.00,29.71240000,115.98300000,29.71240000,115.98300000,29.71240000,115.98300000,0.8133,0.00,0,79,orb
397,0.00,29.71240000,115.98300000,29.71240000,115.98300000,29.71240000,115.98300000,0.8133,0.00,0,79,orb
398,0.00,29.76400000,115.98500000,29.76400000,115.98500000,29.76400000,115.98500000,0.4633,0.00,0,96,orb
399,0.00,29.71050000,115.98100000,29.71050000,115.98100000,29.71050000,115.98100000,0.5100,0.00,0,49,orb
400,0.00,29.70880000,115.98300000,29.70880000,115.98300000,29.70880000,115.98300000,0.7667,0.00,0,80,orb
402,0.00,29.70880000,115.98300000,29.70880000,115.98300000,29.70880000,115.98300000,1.0000,0.00,0,80,orb
403,0.00,29.76300000,115.98700000,29.76300000,115.98700000,29.76300000,115.98700000,0.4167,0.00,0,98,orb
404,0.00,29.71050000,115.98500000,29.71050000,115.98500000,29.71050000,115.98500000,0.4400,0.00,0,81,orb
405,0.00,29.71050000,115.98500000,29.71050000,115.98500000,29.71050000,115.98500000,1.0000,0.00,0,81,orb
407,0.00,29.71050000,115.98500000,29.71050000,115.98500000,29.71050000,115.98500000,0.6733,0.00,0,81,orb
408,0.00,29.76300000,115.98700000,29.76300000,115.98700000,29.76300000,115.98700000,0.4400,0.00,0,98,orb
409,0.00,29.70640000,115.97700000,29.70640000,115.97700000,29.70640000,115.97700000,0.4400,0.00,0,16,orb
410,0.00,29.71410000,115.98500000,29.71410000,115.98500000,29.71410000,115.98500000,0.7667,0.00,0,82,orb
412,0.00,29.71410000,115.98500000,29.71410000,115.98500000,29.71410000,115.98500000,0.8133,0.00,0,82,orb
413,0.00,29.72380000,115.98700000,29.72380000,115.98700000,29.72380000,115.98700000,0.4400,0.00,0,109,orb
414,0.00,29.75230000,115.98700000,29.75230000,115.98700000,29.75230000,115.98700000,0.4400,0.00,0,101,orb
415,0.00,29.71770000,115.98500000,29.71770000,115.98500000,29.71770000,115.98500000,0.8833,0.00,0,83,orb
417,0.00,29.71770000,115.98500000,29.71770000,115.98500000,29.71770000,115.98500000,0.7667,0.00,0,83,orb
418,0.00,29.71950000,115.98300000,29.71950000,115.98300000,29.71950000,115.98300000,0.3933,0.00,0,77,orb
419,0.00,29.72120000,115.98500000,29.72120000,115.98500000,29.72120000,115.98500000,0.4633,0.00,0,84,orb
420,0.00,29.72120000,115.98500000,29.72120000,115.98500000,29.72120000,115.98500000,1.0000,0.00,0,84,orb
422,0.00,29.75050000,115.99300000,29.75050000,115.99300000,29.75050000,115.99300000,0.4167,0.00,0,157,orb
423,0.00,29.75510000,115.98300000,29.75510000,115.98300000,29.75510000,115.98300000,0.4633,0.00,0,67,orb
424,0.00,29.75400000,115.99300000,29.75400000,115.99300000,29.75400000,115.99300000,0.5100,0.00,0,158,orb
425,0.00,29.72480000,115.98500000,29.72480000,115.98500000,29.72480000,115.98500000,0.4867,0.00,0,85,orb
427,0.00,29.72480000,115.98500000,29.72480000,115.98500000,29.72480000,115.98500000,0.6033,0.00,0,85,orb
428,0.00,29.72480000,115.98500000,29.72480000,115.98500000,29.72480000,115.98500000,0.4167,0.00,0,85,orb
429,0.00,29.72480000,115.98500000,29.72480000,115.98500000,29.72480000,115.98500000,0.4400,0.00,0,85,orb
430,0.00,29.72840000,115.98500000,29.72840000,115.98500000,29.72840000,115.98500000,0.7900,0.00,0,86,orb
432,0.00,29.72840000,115.98500000,29.72840000,115.98500000,29.72840000,115.98500000,0.9767,0.00,0,86,orb
433,0.00,29.72840000,115.98500000,29.72840000,115.98500000,29.72840000,115.98500000,0.4867,0.00,0,86,orb
434,0.00,29.73190000,115.98500000,29.73190000,115.98500000,29.73190000,115.98500000,0.4633,0.00,0,87,orb
435,0.00,29.73190000,115.98500000,29.73190000,115.98500000,29.73190000,115.98500000,1.0000,0.00,0,87,orb
437,0.00,29.75050000,115.99300000,29.75050000,115.99300000,29.75050000,115.99300000,0.4400,0.00,0,157,orb
438,0.00,29.73722044,115.98409914,29.73722044,115.98409914,29.73722044,115.98409914,0.3000,0.00,0,-1,orb
439,0.00,29.71660000,115.98700000,29.71660000,115.98700000,29.71660000,115.98700000,0.4867,0.00,0,111,orb
440,0.00,29.74160000,115.98700000,29.74160000,115.98700000,29.74160000,115.98700000,0.4167,0.00,0,104,orb
442,0.00,29.72480000,115.98500000,29.72480000,115.98500000,29.72480000,115.98500000,0.3933,0.00,0,85,orb
443,0.00,29.71170000,115.99100000,29.71170000,115.99100000,29.71170000,115.99100000,0.4167,0.00,0,146,orb
444,0.00,29.76650000,115.98700000,29.76650000,115.98700000,29.76650000,115.98700000,0.4400,0.00,0,97,orb
445,0.00,29.72690000,115.98900000,29.72690000,115.98900000,29.72690000,115.98900000,0.4167,0.00,0,118,orb
447,0.00,29.76510000,115.99100000,29.76510000,115.99100000,29.76510000,115.99100000,0.4167,0.00,0,131,orb
448,0.00,29.74160000,115.98700000,29.74160000,115.98700000,29.74160000,115.98700000,0.3933,0.00,0,104,orb
449,0.00,29.75900000,115.98900000,29.75900000,115.98900000,29.75900000,115.98900000,0.4167,0.00,0,127,orb
450,0.00,29.73722044,115.98409914,29.73722044,115.98409914,29.73722044,115.98409914,0.3000,0.00,0,-1,orb
452,0.00,29.72530000,115.97500000,29.72530000,115.97500000,29.72530000,115.97500000,0.4167,0.00,0,10,orb
453,0.00,29.74830000,115.98900000,29.74830000,115.98900000,29.74830000,115.98900000,0.4633,0.00,0,124,orb
454,0.00,29.74620000,115.98500000,29.74620000,115.98500000,29.74620000,115.98500000,0.9767,0.00,0,91,orb
455,0.00,29.74620000,115.98500000,29.74620000,115.98500000,29.74620000,115.98500000,1.0000,0.00,0,91,orb
457,0.00,29.74620000,115.98500000,29.74620000,115.98500000,29.74620000,115.98500000,1.0000,0.00,0,91,orb
458,0.00,29.74800000,115.98300000,29.74800000,115.98300000,29.74800000,115.98300000,0.7200,0.00,0,69,orb
459,0.00,29.74800000,115.98300000,29.74800000,115.98300000,29.74800000,115.98300000,0.5567,0.00,0,69,orb
460,0.00,29.74970000,115.98500000,29.74970000,115.98500000,29.74970000,115.98500000,1.0000,0.00,0,92,orb
462,0.00,29.74970000,115.98500000,29.74970000,115.98500000,29.74970000,115.98500000,0.6500,0.00,0,92,orb
463,0.00,29.71350000,115.97700000,29.71350000,115.97700000,29.71350000,115.97700000,0.4400,0.00,0,18,orb
464,0.00,29.75330000,115.98500000,29.75330000,115.98500000,29.75330000,115.98500000,0.5333,0.00,0,93,orb
465,0.00,29.75330000,115.98500000,29.75330000,115.98500000,29.75330000,115.98500000,1.0000,0.00,0,93,orb
467,0.00,29.75330000,115.98500000,29.75330000,115.98500000,29.75330000,115.98500000,1.0000,0.00,0,93,orb
468,0.00,29.75330000,115.98500000,29.75330000,115.98500000,29.75330000,115.98500000,0.6033,0.00,0,93,orb
469,0.00,29.75690000,115.98500000,29.75690000,115.98500000,29.75690000,115.98500000,0.6033,0.00,0,94,orb
470,0.00,29.75690000,115.98500000,29.75690000,115.98500000,29.75690000,115.98500000,0.9300,0.00,0,94,orb
472,0.00,29.75690000,115.98500000,29.75690000,115.98500000,29.75690000,115.98500000,0.8133,0.00,0,94,orb
473,0.00,29.75190000,115.98900000,29.75190000,115.98900000,29.75190000,115.98900000,0.4400,0.00,0,125,orb
474,0.00,29.76830000,115.99300000,29.76830000,115.99300000,29.76830000,115.99300000,0.4633,0.00,0,162,orb
475,0.00,29.76040000,115.98500000,29.76040000,115.98500000,29.76040000,115.98500000,1.0000,0.00,0,95,orb
477,0.00,29.76040000,115.98500000,29.76040000,115.98500000,29.76040000,115.98500000,1.0000,0.00,0,95,orb
478,0.00,29.75440000,115.99100000,29.75440000,115.99100000,29.75440000,115.99100000,0.4867,0.00,0,134,orb
479,0.00,29.76040000,115.98500000,29.76040000,115.98500000,29.76040000,115.98500000,0.4400,0.00,0,95,orb
480,0.00,29.76400000,115.98500000,29.76400000,115.98500000,29.76400000,115.98500000,0.9533,0.00,0,96,orb
482,0.00,29.76400000,115.98500000,29.76400000,115.98500000,29.76400000,115.98500000,0.7433,0.00,0,96,orb
483,0.00,29.72480000,115.98500000,29.72480000,115.98500000,29.72480000,115.98500000,0.4867,0.00,0,85,orb
484,0.00,29.73050000,115.98900000,29.73050000,115.98900000,29.73050000,115.98900000,0.4633,0.00,0,119,orb
485,0.00,29.76650000,115.98700000,29.76650000,115.98700000,29.76650000,115.98700000,0.6033,0.00,0,97,orb
487,0.00,29.76650000,115.98700000,29.76650000,115.98700000,29.76650000,115.98700000,1.0000,0.00,0,97,orb
488,0.00,29.76650000,115.98700000,29.76650000,115.98700000,29.76650000,115.98700000,0.7200,0.00,0,97,orb
489,0.00,29.76400000,115.98500000,29.76400000,115.98500000,29.76400000,115.98500000,0.4867,0.00,0,96,orb
490,0.00,29.76300000,115.98700000,29.76300000,115.98700000,29.76300000,115.98700000,0.9533,0.00,0,98,orb
492,0.00,29.76300000,115.98700000,29.76300000,115.98700000,29.76300000,115.98700000,1.0000,0.00,0,98,orb
493,0.00,29.75940000,115.98700000,29.75940000,115.98700000,29.75940000,115.98700000,0.4400,0.00,0,99,orb
494,0.00,29.75940000,115.98700000,29.75940000,115.98700000,29.75940000,115.98700000,0.6500,0.00,0,99,orb
495,0.00,29.75940000,115.98700000,29.75940000,115.98700000,29.75940000,115.98700000,1.0000,0.00,0,99,orb
497,0.00,29.75940000,115.98700000,29.75940000,115.98700000,29.75940000,115.98700000,1.0000,0.00,0,99,orb
498,0.00,29.72690000,115.98900000,29.72690000,115.98900000,29.72690000,115.98900000,0.4400,0.00,0,118,orb
499,0.00,29.75580000,115.98700000,29.75580000,115.98700000,29.75580000,115.98700000,0.5567,0.00,0,100,orb
500,0.00,29.75580000,115.98700000,29.75580000,115.98700000,29.75580000,115.98700000,0.9300,0.00,0,100,orb
502,0.00,29.75580000,115.98700000,29.75580000,115.98700000,29.75580000,115.98700000,1.0000,0.00,0,100,orb
503,0.00,29.75580000,115.98700000,29.75580000,115.98700000,29.75580000,115.98700000,0.5100,0.00,0,100,orb
504,0.00,29.75330000,115.98500000,29.75330000,115.98500000,29.75330000,115.98500000,0.4867,0.00,0,93,orb
505,0.00,29.75230000,115.98700000,29.75230000,115.98700000,29.75230000,115.98700000,0.7900,0.00,0,101,orb
507,0.00,29.75230000,115.98700000,29.75230000,115.98700000,29.75230000,115.98700000,1.0000,0.00,0,101,orb
508,0.00,29.75190000,115.98900000,29.75190000,115.98900000,29.75190000,115.98900000,0.6967,0.00,0,125,orb
509,0.00,29.75190000,115.98900000,29.75190000,115.98900000,29.75190000,115.98900000,0.6267,0.00,0,125,orb
510,0.00,29.74870000,115.98700000,29.74870000,115.98700000,29.74870000,115.98700000,0.9067,0.00,0,102,orb
512,0.00,29.74870000,115.98700000,29.74870000,115.98700000,29.74870000,115.98700000,1.0000,0.00,0,102,orb
513,0.00,29.74520000,115.98700000,29.74520000,115.98700000,29.74520000,115.98700000,0.7667,0.00,0,103,orb
514,0.00,29.74520000,115.98700000,29.74520000,115.98700000,29.74520000,115.98700000,1.0000,0.00,0,103,orb
515,0.00,29.74520000,115.98700000,29.74520000,115.98700000,29.74520000,115.98700000,1.0000,0.00,0,103,orb
517,0.00,29.74520000,115.98700000,29.74520000,115.98700000,29.74520000,115.98700000,0.4167,0.00,0,103,orb
518,0.00,29.74090000,115.98300000,29.74090000,115.98300000,29.74090000,115.98300000,0.3933,0.00,0,71,orb
519,0.00,29.73722044,115.98409914,29.73722044,115.98409914,29.73722044,115.98409914,0.3000,0.00,0,-1,orb
520,0.00,29.74260000,115.98500000,29.74260000,115.98500000,29.74260000,115.98500000,0.3933,0.00,0,90,orb
522,0.00,29.72180000,115.97500000,29.72180000,115.97500000,29.72180000,115.97500000,0.3933,0.00,0,11,orb
523,0.00,29.73722044,115.98409914,29.73722044,115.98409914,29.73722044,115.98409914,0.3000,0.00,0,-1,orb
524,0.00,29.73722044,115.98409914,29.73722044,115.98409914,29.73722044,115.98409914,0.3000,0.00,0,-1,orb
525,0.00,29.73722044,115.98409914,29.73722044,115.98409914,29.73722044,115.98409914,0.3000,0.00,0,-1,orb
527,0.00,29.73722044,115.98409914,29.73722044,115.98409914,29.73722044,115.98409914,0.3000,0.00,0,-1,orb
528,0.00,29.73722044,115.98409914,29.73722044,115.98409914,29.73722044,115.98409914,0.3000,0.00,0,-1,orb
529,0.00,29.73722044,115.98409914,29.73722044,115.98409914,29.73722044,115.98409914,0.3000,0.00,0,-1,orb
530,0.00,29.73722044,115.98409914,29.73722044,115.98409914,29.73722044,115.98409914,0.3000,0.00,0,-1,orb
532,0.00,29.73760000,115.98900000,29.73760000,115.98900000,29.73760000,115.98900000,0.4167,0.00,0,121,orb
533,0.00,29.73722044,115.98409914,29.73722044,115.98409914,29.73722044,115.98409914,0.3000,0.00,0,-1,orb
534,0.00,29.70640000,115.97700000,29.70640000,115.97700000,29.70640000,115.97700000,0.4400,0.00,0,16,orb
535,0.00,29.73090000,115.98700000,29.73090000,115.98700000,29.73090000,115.98700000,0.7900,0.00,0,107,orb
537,0.00,29.73090000,115.98700000,29.73090000,115.98700000,29.73090000,115.98700000,0.9767,0.00,0,107,orb
538,0.00,29.73090000,115.98700000,29.73090000,115.98700000,29.73090000,115.98700000,0.5333,0.00,0,107,orb
539,0.00,29.72380000,115.98700000,29.72380000,115.98700000,29.72380000,115.98700000,0.4633,0.00,0,109,orb
540,0.00,29.72730000,115.98700000,29.72730000,115.98700000,29.72730000,115.98700000,0.8833,0.00,0,108,orb
542,0.00,29.72730000,115.98700000,29.72730000,115.98700000,29.72730000,115.98700000,1.0000,0.00,0,108,orb
543,0.00,29.72730000,115.98700000,29.72730000,115.98700000,29.72730000,115.98700000,0.5333,0.00,0,108,orb
544,0.00,29.72950000,115.99100000,29.72950000,115.99100000,29.72950000,115.99100000,0.5100,0.00,0,141,orb
545,0.00,29.72380000,115.98700000,29.72380000,115.98700000,29.72380000,115.98700000,0.8133,0.00,0,109,orb
547,0.00,29.72380000,115.98700000,29.72380000,115.98700000,29.72380000,115.98700000,0.5333,0.00,0,109,orb
548,0.00,29.76510000,115.99100000,29.76510000,115.99100000,29.76510000,115.99100000,0.4633,0.00,0,131,orb
549,0.00,29.75220000,115.97900000,29.75220000,115.97900000,29.75220000,115.97900000,0.4867,0.00,0,35,orb
550,0.00,29.71710000,115.97700000,29.71710000,115.97700000,29.71710000,115.97700000,0.4633,0.00,0,19,orb
552,0.00,29.73722044,115.98409914,29.73722044,115.98409914,29.73722044,115.98409914,0.3000,0.00,0,-1,orb
553,0.00,29.73722044,115.98409914,29.73722044,115.98409914,29.73722044,115.98409914,0.3000,0.00,0,-1,orb
554,0.00,29.73722044,115.98409914,29.73722044,115.98409914,29.73722044,115.98409914,0.3000,0.00,0,-1,orb
555,0.00,29.73722044,115.98409914,29.73722044,115.98409914,29.73722044,115.98409914,0.3000,0.00,0,-1,orb
557,0.00,29.71660000,115.98700000,29.71660000,115.98700000,29.71660000,115.98700000,0.9767,0.00,0,111,orb
558,0.00,29.72180000,115.97500000,29.72180000,115.97500000,29.72180000,115.97500000,0.4167,0.00,0,11,orb
559,0.00,29.72690000,115.98900000,29.72690000,115.98900000,29.72690000,115.98900000,0.4167,0.00,0,118,orb
560,0.00,29.71310000,115.98700000,29.71310000,115.98700000,29.71310000,115.98700000,0.6500,0.00,0,112,orb
562,0.00,29.71310000,115.98700000,29.71310000,115.98700000,29.71310000,115.98700000,1.0000,0.00,0,112,orb
563,0.00,29.72830000,115.98100000,29.72830000,115.98100000,29.72830000,115.98100000,0.4400,0.00,0,54,orb
564,0.00,29.70950000,115.98700000,29.70950000,115.98700000,29.70950000,115.98700000,0.4633,0.00,0,113,orb
565,0.00,29.70950000,115.98700000,29.70950000,115.98700000,29.70950000,115.98700000,0.6967,0.00,0,113,orb
567,0.00,29.70950000,115.98700000,29.70950000,115.98700000,29.70950000,115.98700000,0.4400,0.00,0,113,orb
568,0.00,29.71710000,115.97700000,29.71710000,115.97700000,29.71710000,115.97700000,0.4167,0.00,0,19,orb
569,0.00,29.71270000,115.98900000,29.71270000,115.98900000,29.71270000,115.98900000,0.4633,0.00,0,114,orb
570,0.00,29.71270000,115.98900000,29.71270000,115.98900000,29.71270000,115.98900000,1.0000,0.00,0,114,orb
572,0.00,29.71270000,115.98900000,29.71270000,115.98900000,29.71270000,115.98900000,1.0000,0.00,0,114,orb
573,0.00,29.71270000,115.98900000,29.71270000,115.98900000,29.71270000,115.98900000,0.4400,0.00,0,114,orb
574,0.00,29.75440000,115.99100000,29.75440000,115.99100000,29.75440000,115.99100000,0.4400,0.00,0,134,orb
575,0.00,29.71620000,115.98900000,29.71620000,115.98900000,29.71620000,115.98900000,0.4867,0.00,0,115,orb
577,0.00,29.73722044,115.98409914,29.73722044,115.98409914,29.73722044,115.98409914,0.3000,0.00,0,-1,orb
578,0.00,29.73722044,115.98409914,29.73722044,115.98409914,29.73722044,115.98409914,0.3000,0.00,0,-1,orb
579,0.00,29.73722044,115.98409914,29.73722044,115.98409914,29.73722044,115.98409914,0.3000,0.00,0,-1,orb
580,0.00,29.71980000,115.98900000,29.71980000,115.98900000,29.71980000,115.98900000,0.9300,0.00,0,116,orb
582,0.00,29.71980000,115.98900000,29.71980000,115.98900000,29.71980000,115.98900000,0.5567,0.00,0,116,orb
583,0.00,29.75400000,115.99300000,29.75400000,115.99300000,29.75400000,115.99300000,0.4400,0.00,0,158,orb
584,0.00,29.71270000,115.98900000,29.71270000,115.98900000,29.71270000,115.98900000,0.4400,0.00,0,114,orb
585,0.00,29.72340000,115.98900000,29.72340000,115.98900000,29.72340000,115.98900000,0.9300,0.00,0,117,orb
587,0.00,29.72340000,115.98900000,29.72340000,115.98900000,29.72340000,115.98900000,0.7900,0.00,0,117,orb
588,0.00,29.75940000,115.98700000,29.75940000,115.98700000,29.75940000,115.98700000,0.4867,0.00,0,99,orb
589,0.00,29.72690000,115.98900000,29.72690000,115.98900000,29.72690000,115.98900000,0.4633,0.00,0,118,orb
590,0.00,29.72690000,115.98900000,29.72690000,115.98900000,29.72690000,115.98900000,0.6967,0.00,0,118,orb
592,0.00,29.72690000,115.98900000,29.72690000,115.98900000,29.72690000,115.98900000,0.8367,0.00,0,118,orb
593,0.00,29.72690000,115.98900000,29.72690000,115.98900000,29.72690000,115.98900000,0.4633,0.00,0,118,orb
594,0.00,29.72480000,115.98500000,29.72480000,115.98500000,29.72480000,115.98500000,0.4400,0.00,0,85,orb
595,0.00,29.73050000,115.98900000,29.73050000,115.98900000,29.73050000,115.98900000,0.7900,0.00,0,119,orb
597,0.00,29.73050000,115.98900000,29.73050000,115.98900000,29.73050000,115.98900000,0.6267,0.00,0,119,orb
598,0.00,29.72840000,115.98500000,29.72840000,115.98500000,29.72840000,115.98500000,0.4400,0.00,0,86,orb
599,0.00,29.71350000,115.97700000,29.71350000,115.97700000,29.71350000,115.97700000,0.4400,0.00,0,18,orb
600,0.00,29.73410000,115.98900000,29.73410000,115.98900000,29.73410000,115.98900000,0.6967,0.00,0,120,orb
602,0.00,29.75330000,115.98100000,29.75330000,115.98100000,29.75330000,115.98100000,0.4167,0.00,0,61,orb
603,0.00,29.72910000,115.99300000,29.72910000,115.99300000,29.72910000,115.99300000,0.4167,0.00,0,151,orb
604,0.00,29.73760000,115.98900000,29.73760000,115.98900000,29.73760000,115.98900000,1.0000,0.00,0,121,orb
605,0.00,29.73760000,115.98900000,29.73760000,115.98900000,29.73760000,115.98900000,1.0000,0.00,0,121,orb
607,0.00,29.73760000,115.98900000,29.73760000,115.98900000,29.73760000,115.98900000,1.0000,0.00,0,121,orb
608,0.00,29.74620000,115.98100000,29.74620000,115.98100000,29.74620000,115.98100000,0.4167,0.00,0,59,orb
609,0.00,29.70750000,115.97500000,29.70750000,115.97500000,29.70750000,115.97500000,0.3933,0.00,0,15,orb
610,0.00,29.73550000,115.98500000,29.73550000,115.98500000,29.73550000,115.98500000,0.4167,0.00,0,88,orb
612,0.00,29.73550000,115.98500000,29.73550000,115.98500000,29.73550000,115.98500000,0.3933,0.00,0,88,orb
613,0.00,29.73550000,115.98100000,29.73550000,115.98100000,29.73550000,115.98100000,0.4400,0.00,0,56,orb
614,0.00,29.73722044,115.98409914,29.73722044,115.98409914,29.73722044,115.98409914,0.3000,0.00,0,-1,orb
615,0.00,29.74330000,115.99300000,29.74330000,115.99300000,29.74330000,115.99300000,0.4167,0.00,0,155,orb
617,0.00,29.74520000,115.98700000,29.74520000,115.98700000,29.74520000,115.98700000,0.4633,0.00,0,103,orb
618,0.00,29.74520000,115.98700000,29.74520000,115.98700000,29.74520000,115.98700000,0.5100,0.00,0,103,orb
619,0.00,29.74830000,115.98900000,29.74830000,115.98900000,29.74830000,115.98900000,0.5100,0.00,0,124,orb
620,0.00,29.74830000,115.98900000,29.74830000,115.98900000,29.74830000,115.98900000,0.8833,0.00,0,124,orb
622,0.00,29.74830000,115.98900000,29.74830000,115.98900000,29.74830000,115.98900000,0.9533,0.00,0,124,orb
623,0.00,29.75190000,115.98900000,29.75190000,115.98900000,29.75190000,115.98900000,0.5100,0.00,0,125,orb
624,0.00,29.75190000,115.98900000,29.75190000,115.98900000,29.75190000,115.98900000,0.9533,0.00,0,125,orb
625,0.00,29.75190000,115.98900000,29.75190000,115.98900000,29.75190000,115.98900000,1.0000,0.00,0,125,orb
627,0.00,29.75190000,115.98900000,29.75190000,115.98900000,29.75190000,115.98900000,1.0000,0.00,0,125,orb
628,0.00,29.75230000,115.98700000,29.75230000,115.98700000,29.75230000,115.98700000,0.4633,0.00,0,101,orb
629,0.00,29.73190000,115.98500000,29.73190000,115.98500000,29.73190000,115.98500000,0.4633,0.00,0,87,orb
630,0.00,29.75540000,115.98900000,29.75540000,115.98900000,29.75540000,115.98900000,0.7667,0.00,0,126,orb
632,0.00,29.75540000,115.98900000,29.75540000,115.98900000,29.75540000,115.98900000,0.7433,0.00,0,126,orb
633,0.00,29.75540000,115.98900000,29.75540000,115.98900000,29.75540000,115.98900000,0.4633,0.00,0,126,orb
634,0.00,29.75800000,115.99100000,29.75800000,115.99100000,29.75800000,115.99100000,0.4867,0.00,0,133,orb
635,0.00,29.75900000,115.98900000,29.75900000,115.98900000,29.75900000,115.98900000,1.0000,0.00,0,127,orb
637,0.00,29.75900000,115.98900000,29.75900000,115.98900000,29.75900000,115.98900000,1.0000,0.00,0,127,orb
638,0.00,29.75510000,115.98300000,29.75510000,115.98300000,29.75510000,115.98300000,0.4633,0.00,0,67,orb
639,0.00,29.71350000,115.97700000,29.71350000,115.97700000,29.71350000,115.97700000,0.4633,0.00,0,18,orb
640,0.00,29.76260000,115.98900000,29.76260000,115.98900000,29.76260000,115.98900000,1.0000,0.00,0,128,orb
642,0.00,29.76260000,115.98900000,29.76260000,115.98900000,29.76260000,115.98900000,0.7667,0.00,0,128,orb
643,0.00,29.71000000,115.97700000,29.71000000,115.97700000,29.71000000,115.97700000,0.4400,0.00,0,17,orb
644,0.00,29.76610000,115.98900000,29.76610000,115.98900000,29.76610000,115.98900000,0.7900,0.00,0,129,orb
645,0.00,29.76610000,115.98900000,29.76610000,115.98900000,29.76610000,115.98900000,1.0000,0.00,0,129,orb
647,0.00,29.76610000,115.98900000,29.76610000,115.98900000,29.76610000,115.98900000,1.0000,0.00,0,129,orb
648,0.00,29.76650000,115.98700000,29.76650000,115.98700000,29.76650000,115.98700000,0.5100,0.00,0,97,orb
649,0.00,29.73190000,115.98500000,29.73190000,115.98500000,29.73190000,115.98500000,0.4400,0.00,0,87,orb
650,0.00,29.76870000,115.99100000,29.76870000,115.99100000,29.76870000,115.99100000,0.6267,0.00,0,130,orb
652,0.00,29.76870000,115.99100000,29.76870000,115.99100000,29.76870000,115.99100000,1.0000,0.00,0,130,orb
653,0.00,29.76870000,115.99100000,29.76870000,115.99100000,29.76870000,115.99100000,0.5100,0.00,0,130,orb
654,0.00,29.74160000,115.98700000,29.74160000,115.98700000,29.74160000,115.98700000,0.4400,0.00,0,104,orb
655,0.00,29.76510000,115.99100000,29.76510000,115.99100000,29.76510000,115.99100000,1.0000,0.00,0,131,orb
657,0.00,29.76510000,115.99100000,29.76510000,115.99100000,29.76510000,115.99100000,0.9533,0.00,0,131,orb
658,0.00,29.76510000,115.99100000,29.76510000,115.99100000,29.76510000,115.99100000,0.4867,0.00,0,131,orb
659,0.00,29.72590000,115.99100000,29.72590000,115.99100000,29.72590000,115.99100000,0.5100,0.00,0,142,orb
660,0.00,29.76150000,115.99100000,29.76150000,115.99100000,29.76150000,115.99100000,1.0000,0.00,0,132,orb
662,0.00,29.76150000,115.99100000,29.76150000,115.99100000,29.76150000,115.99100000,1.0000,0.00,0,132,orb
663,0.00,29.76150000,115.99100000,29.76150000,115.99100000,29.76150000,115.99100000,0.5800,0.00,0,132,orb
664,0.00,29.75800000,115.99100000,29.75800000,115.99100000,29.75800000,115.99100000,0.5800,0.00,0,133,orb
665,0.00,29.75800000,115.99100000,29.75800000,115.99100000,29.75800000,115.99100000,0.9767,0.00,0,133,orb
667,0.00,29.75800000,115.99100000,29.75800000,115.99100000,29.75800000,115.99100000,0.8133,0.00,0,133,orb
668,0.00,29.75800000,115.99100000,29.75800000,115.99100000,29.75800000,115.99100000,0.4867,0.00,0,133,orb
669,0.00,29.76120000,115.99300000,29.76120000,115.99300000,29.76120000,115.99300000,0.4867,0.00,0,160,orb
670,0.00,29.75440000,115.99100000,29.75440000,115.99100000,29.75440000,115.99100000,0.8133,0.00,0,134,orb
672,0.00,29.75440000,115.99100000,29.75440000,115.99100000,29.75440000,115.99100000,0.6967,0.00,0,134,orb
673,0.00,29.75440000,115.99100000,29.75440000,115.99100000,29.75440000,115.99100000,0.4867,0.00,0,134,orb
674,0.00,29.75400000,115.99300000,29.75400000,115.99300000,29.75400000,115.99300000,0.4633,0.00,0,158,orb
675,0.00,29.75090000,115.99100000,29.75090000,115.99100000,29.75090000,115.99100000,0.8833,0.00,0,135,orb
677,0.00,29.75090000,115.99100000,29.75090000,115.99100000,29.75090000,115.99100000,1.0000,0.00,0,135,orb
678,0.00,29.75090000,115.99100000,29.75090000,115.99100000,29.75090000,115.99100000,0.6967,0.00,0,135,orb
679,0.00,29.72480000,115.98500000,29.72480000,115.98500000,29.72480000,115.98500000,0.5100,0.00,0,85,orb
680,0.00,29.74730000,115.99100000,29.74730000,115.99100000,29.74730000,115.99100000,0.7667,0.00,0,136,orb
682,0.00,29.74690000,115.99300000,29.74690000,115.99300000,29.74690000,115.99300000,0.9767,0.00,0,156,orb
683,0.00,29.74730000,115.99100000,29.74730000,115.99100000,29.74730000,115.99100000,0.5567,0.00,0,136,orb
684,0.00,29.72480000,115.98500000,29.72480000,115.98500000,29.72480000,115.98500000,0.3000,0.00,0,85,orb
685,0.00,29.74370000,115.99100000,29.74370000,115.99100000,29.74370000,115.99100000,0.5100,0.00,0,137,orb
687,0.00,29.73722044,115.98409914,29.73722044,115.98409914,29.73722044,115.98409914,0.3000,0.00,0,-1,orb
688,0.00,29.73722044,115.98409914,29.73722044,115.98409914,29.73722044,115.98409914,0.3000,0.00,0,-1,orb
689,0.00,29.73722044,115.98409914,29.73722044,115.98409914,29.73722044,115.98409914,0.3000,0.00,0,-1,orb
690,0.00,29.73450000,115.98700000,29.73450000,115.98700000,29.73450000,115.98700000,0.4400,0.00,0,106,orb
692,0.00,29.74330000,115.99300000,29.74330000,115.99300000,29.74330000,115.99300000,0.3933,0.00,0,155,orb
693,0.00,29.74330000,115.99300000,29.74330000,115.99300000,29.74330000,115.99300000,0.3933,0.00,0,155,orb
694,0.00,29.73800000,115.98700000,29.73800000,115.98700000,29.73800000,115.98700000,0.3933,0.00,0,105,orb
695,0.00,29.73450000,115.98700000,29.73450000,115.98700000,29.73450000,115.98700000,0.4167,0.00,0,106,orb
697,0.00,29.71770000,115.98100000,29.71770000,115.98100000,29.71770000,115.98100000,0.4633,0.00,0,51,orb
698,0.00,29.73620000,115.99300000,29.73620000,115.99300000,29.73620000,115.99300000,0.5567,0.00,0,153,orb
699,0.00,29.73410000,115.98900000,29.73410000,115.98900000,29.73410000,115.98900000,0.6500,0.00,0,120,orb
700,0.00,29.73300000,115.99100000,29.73300000,115.99100000,29.73300000,115.99100000,1.0000,0.00,0,140,orb
702,0.00,29.73300000,115.99100000,29.73300000,115.99100000,29.73300000,115.99100000,0.8133,0.00,0,140,orb
703,0.00,29.71710000,115.97700000,29.71710000,115.97700000,29.71710000,115.97700000,0.4400,0.00,0,19,orb
704,0.00,29.72950000,115.99100000,29.72950000,115.99100000,29.72950000,115.99100000,0.4867,0.00,0,141,orb
705,0.00,29.72950000,115.99100000,29.72950000,115.99100000,29.72950000,115.99100000,0.9533,0.00,0,141,orb
707,0.00,29.72950000,115.99100000,29.72950000,115.99100000,29.72950000,115.99100000,0.9767,0.00,0,141,orb
708,0.00,29.74870000,115.98700000,29.74870000,115.98700000,29.74870000,115.98700000,0.4633,0.00,0,102,orb
709,0.00,29.72590000,115.99100000,29.72590000,115.99100000,29.72590000,115.99100000,0.5567,0.00,0,142,orb
710,0.00,29.72590000,115.99100000,29.72590000,115.99100000,29.72590000,115.99100000,0.6967,0.00,0,142,orb
712,0.00,29.72590000,115.99100000,29.72590000,115.99100000,29.72590000,115.99100000,0.7433,0.00,0,142,orb
713,0.00,29.72310000,115.98300000,29.72310000,115.98300000,29.72310000,115.98300000,0.5100,0.00,0,76,orb
714,0.00,29.72240000,115.99100000,29.72240000,115.99100000,29.72240000,115.99100000,0.5333,0.00,0,143,orb
715,0.00,29.72240000,115.99100000,29.72240000,115.99100000,29.72240000,115.99100000,1.0000,0.00,0,143,orb
717,0.00,29.72240000,115.99100000,29.72240000,115.99100000,29.72240000,115.99100000,0.7433,0.00,0,143,orb
718,0.00,29.72240000,115.99100000,29.72240000,115.99100000,29.72240000,115.99100000,0.4867,0.00,0,143,orb
719,0.00,29.72690000,115.98900000,29.72690000,115.98900000,29.72690000,115.98900000,0.4400,0.00,0,118,orb
720,0.00,29.71880000,115.99100000,29.71880000,115.99100000,29.71880000,115.99100000,1.0000,0.00,0,144,orb
722,0.00,29.71880000,115.99100000,29.71880000,115.99100000,29.71880000,115.99100000,1.0000,0.00,0,144,orb
723,0.00,29.72950000,115.99100000,29.72950000,115.99100000,29.72950000,115.99100000,0.4633,0.00,0,141,orb
724,0.00,29.72480000,115.98500000,29.72480000,115.98500000,29.72480000,115.98500000,0.4167,0.00,0,85,orb
725,0.00,29.72010000,115.97900000,29.72010000,115.97900000,29.72010000,115.97900000,0.4400,0.00,0,44,orb
727,0.00,29.71520000,115.99100000,29.71520000,115.99100000,29.71520000,115.99100000,0.5800,0.00,0,145,orb
728,0.00,29.72780000,115.97700000,29.72780000,115.97700000,29.72780000,115.97700000,0.4867,0.00,0,22,orb
729,0.00,29.71170000,115.99100000,29.71170000,115.99100000,29.71170000,115.99100000,0.4633,0.00,0,146,orb
730,0.00,29.71170000,115.99100000,29.71170000,115.99100000,29.71170000,115.99100000,0.9067,0.00,0,146,orb
732,0.00,29.71170000,115.99100000,29.71170000,115.99100000,29.71170000,115.99100000,0.4633,0.00,0,146,orb
733,0.00,29.71000000,115.97700000,29.71000000,115.97700000,29.71000000,115.97700000,0.4400,0.00,0,17,orb
734,0.00,29.72070000,115.97700000,29.72070000,115.97700000,29.72070000,115.97700000,0.4400,0.00,0,20,orb
735,0.00,29.71620000,115.98900000,29.71620000,115.98900000,29.71620000,115.98900000,0.4633,0.00,0,115,orb
737,0.00,29.71480000,115.99300000,29.71480000,115.99300000,29.71480000,115.99300000,0.5567,0.00,0,147,orb
738,0.00,29.73722044,115.98409914,29.73722044,115.98409914,29.73722044,115.98409914,0.3000,0.00,0,-1,orb
739,0.00,29.71840000,115.99300000,29.71840000,115.99300000,29.71840000,115.99300000,0.6500,0.00,0,148,orb
740,0.00,29.71840000,115.99300000,29.71840000,115.99300000,29.71840000,115.99300000,1.0000,0.00,0,148,orb
742,0.00,29.71840000,115.99300000,29.71840000,115.99300000,29.71840000,115.99300000,1.0000,0.00,0,148,orb
743,0.00,29.70640000,115.97700000,29.70640000,115.97700000,29.70640000,115.97700000,0.4633,0.00,0,16,orb
744,0.00,29.73020000,115.98300000,29.73020000,115.98300000,29.73020000,115.98300000,0.4633,0.00,0,74,orb
745,0.00,29.72200000,115.99300000,29.72200000,115.99300000,29.72200000,115.99300000,0.9300,0.00,0,149,orb
747,0.00,29.72200000,115.99300000,29.72200000,115.99300000,29.72200000,115.99300000,0.8133,0.00,0,149,orb
748,0.00,29.70640000,115.97700000,29.70640000,115.97700000,29.70640000,115.97700000,0.4867,0.00,0,16,orb
749,0.00,29.72480000,115.98500000,29.72480000,115.98500000,29.72480000,115.98500000,0.4400,0.00,0,85,orb
750,0.00,29.72550000,115.99300000,29.72550000,115.99300000,29.72550000,115.99300000,0.9767,0.00,0,150,orb
752,0.00,29.72550000,115.99300000,29.72550000,115.99300000,29.72550000,115.99300000,0.8367,0.00,0,150,orb
753,0.00,29.72550000,115.99300000,29.72550000,115.99300000,29.72550000,115.99300000,0.5100,0.00,0,150,orb
754,0.00,29.72240000,115.99100000,29.72240000,115.99100000,29.72240000,115.99100000,0.4400,0.00,0,143,orb
755,0.00,29.72910000,115.99300000,29.72910000,115.99300000,29.72910000,115.99300000,0.7433,0.00,0,151,orb
757,0.00,29.72910000,115.99300000,29.72910000,115.99300000,29.72910000,115.99300000,0.9767,0.00,0,151,orb
758,0.00,29.72910000,115.99300000,29.72910000,115.99300000,29.72910000,115.99300000,0.4633,0.00,0,151,orb
759,0.00,29.73260000,115.99300000,29.73260000,115.99300000,29.73260000,115.99300000,0.5333,0.00,0,152,orb
760,0.00,29.73260000,115.99300000,29.73260000,115.99300000,29.73260000,115.99300000,1.0000,0.00,0,152,orb
762,0.00,29.73260000,115.99300000,29.73260000,115.99300000,29.73260000,115.99300000,1.0000,0.00,0,152,orb
763,0.00,29.75510000,115.98300000,29.75510000,115.98300000,29.75510000,115.98300000,0.4400,0.00,0,67,orb
764,0.00,29.73620000,115.99300000,29.73620000,115.99300000,29.73620000,115.99300000,0.6967,0.00,0,153,orb
765,0.00,29.73620000,115.99300000,29.73620000,115.99300000,29.73620000,115.99300000,1.0000,0.00,0,153,orb
767,0.00,29.73620000,115.99300000,29.73620000,115.99300000,29.73620000,115.99300000,0.6500,0.00,0,153,orb
768,0.00,29.76510000,115.99100000,29.76510000,115.99100000,29.76510000,115.99100000,0.4633,0.00,0,131,orb
769,0.00,29.73370000,115.98300000,29.73370000,115.98300000,29.73370000,115.98300000,0.4167,0.00,0,73,orb
770,0.00,29.73800000,115.98700000,29.73800000,115.98700000,29.73800000,115.98700000,0.4400,0.00,0,105,orb
772,0.00,29.73980000,115.99300000,29.73980000,115.99300000,29.73980000,115.99300000,0.7433,0.00,0,154,orb
773,0.00,29.73980000,115.99300000,29.73980000,115.99300000,29.73980000,115.99300000,0.8600,0.00,0,154,orb
774,0.00,29.73980000,115.99300000,29.73980000,115.99300000,29.73980000,115.99300000,0.6267,0.00,0,154,orb
775,0.00,29.74120000,115.98900000,29.74120000,115.98900000,29.74120000,115.98900000,0.3933,0.00,0,122,orb
777,0.00,29.73722044,115.98409914,29.73722044,115.98409914,29.73722044,115.98409914,0.3000,0.00,0,-1,orb
778,0.00,29.74090000,115.98300000,29.74090000,115.98300000,29.74090000,115.98300000,0.3933,0.00,0,71,orb
779,0.00,29.74690000,115.99300000,29.74690000,115.99300000,29.74690000,115.99300000,0.5100,0.00,0,156,orb
780,0.00,29.74690000,115.99300000,29.74690000,115.99300000,29.74690000,115.99300000,1.0000,0.00,0,156,orb
782,0.00,29.74690000,115.99300000,29.74690000,115.99300000,29.74690000,115.99300000,1.0000,0.00,0,156,orb
783,0.00,29.74690000,115.99300000,29.74690000,115.99300000,29.74690000,115.99300000,0.4867,0.00,0,156,orb
784,0.00,29.74970000,115.98100000,29.74970000,115.98100000,29.74970000,115.98100000,0.4400,0.00,0,60,orb
785,0.00,29.75050000,115.99300000,29.75050000,115.99300000,29.75050000,115.99300000,1.0000,0.00,0,157,orb
787,0.00,29.75050000,115.99300000,29.75050000,115.99300000,29.75050000,115.99300000,1.0000,0.00,0,157,orb
788,0.00,29.75090000,115.99100000,29.75090000,115.99100000,29.75090000,115.99100000,0.4633,0.00,0,135,orb
789,0.00,29.75400000,115.99300000,29.75400000,115.99300000,29.75400000,115.99300000,0.5567,0.00,0,158,orb
790,0.00,29.75400000,115.99300000,29.75400000,115.99300000,29.75400000,115.99300000,1.0000,0.00,0,158,orb
792,0.00,29.75400000,115.99300000,29.75400000,115.99300000,29.75400000,115.99300000,0.8600,0.00,0,158,orb
793,0.00,29.75400000,115.99300000,29.75400000,115.99300000,29.75400000,115.99300000,0.4633,0.00,0,158,orb
794,0.00,29.75760000,115.99300000,29.75760000,115.99300000,29.75760000,115.99300000,0.4633,0.00,0,159,orb
795,0.00,29.75760000,115.99300000,29.75760000,115.99300000,29.75760000,115.99300000,1.0000,0.00,0,159,orb
797,0.00,29.75760000,115.99300000,29.75760000,115.99300000,29.75760000,115.99300000,0.8833,0.00,0,159,orb
798,0.00,29.75760000,115.99300000,29.75760000,115.99300000,29.75760000,115.99300000,0.5100,0.00,0,159,orb
799,0.00,29.76120000,115.99300000,29.76120000,115.99300000,29.76120000,115.99300000,0.5333,0.00,0,160,orb
800,0.00,29.76120000,115.99300000,29.76120000,115.99300000,29.76120000,115.99300000,0.7900,0.00,0,160,orb
802,0.00,29.76120000,115.99300000,29.76120000,115.99300000,29.76120000,115.99300000,1.0000,0.00,0,160,orb
803,0.00,29.71710000,115.97700000,29.71710000,115.97700000,29.71710000,115.97700000,0.4400,0.00,0,19,orb
804,0.00,29.75760000,115.99300000,29.75760000,115.99300000,29.75760000,115.99300000,0.4633,0.00,0,159,orb
805,0.00,29.76470000,115.99300000,29.76470000,115.99300000,29.76470000,115.99300000,0.9533,0.00,0,161,orb
807,0.00,29.76470000,115.99300000,29.76470000,115.99300000,29.76470000,115.99300000,1.0000,0.00,0,161,orb
808,0.00,29.76470000,115.99300000,29.76470000,115.99300000,29.76470000,115.99300000,0.7200,0.00,0,161,orb
809,0.00,29.76830000,115.99300000,29.76830000,115.99300000,29.76830000,115.99300000,0.4633,0.00,0,162,orb
810,0.00,29.76830000,115.99300000,29.76830000,115.99300000,29.76830000,115.99300000,1.0000,0.00,0,162,orb
812,0.00,29.76830000,115.99300000,29.76830000,115.99300000,29.76830000,115.99300000,0.9767,0.00,0,162,orb
813,0.00,29.76870000,115.99100000,29.76870000,115.99100000,29.76870000,115.99100000,0.6500,0.00,0,130,orb
814,0.00,29.76870000,115.99100000,29.76870000,115.99100000,29.76870000,115.99100000,0.6733,0.00,0,130,orb
815,0.00,29.77180000,115.99300000,29.77180000,115.99300000,29.77180000,115.99300000,1.0000,0.00,0,163,orb
817,0.00,29.77180000,115.99300000,29.77180000,115.99300000,29.77180000,115.99300000,1.0000,0.00,0,163,orb
